evidence_line,label,backend,ring,pipeline_mb,affinity,capture_window_mode,device,testpmd,target_mpps,offered_mpps,wire_mpps,captured_mpps,worker_cpu_pct,primary_cpu_cores,capture_seconds,cpu_seconds,socket_drop_mpps,vf_out_of_buffer_mpps,pdump_ringfull_mpps,pdump_nombuf_mpps,primary_rx_mpps,primary_imissed_mpps,memory_current_mib,mapped_rss_huge_mib,fits_physical_512,throttled_periods,throttled_usec,system_softirq_cores,burst_tx_packets,burst_wire_packets,burst_captured_packets,burst_forwarded_packets,forwarded_mpps,burst_missing_packets,burst_loss_pct,burst_vf_out_of_buffer,burst_socket_drop,offered_seconds,offered_delta_packets,wire_seconds,wire_delta_packets,capture_delta_packets,capture_counter_seconds,cpu_delta_ticks,cgroup_periods,cgroup_cpu_max,cgroup_memory_max,hugetlb_current_mib,sampling_valid,near_loss_free
1,,af_packet,8,0,48-49,live-delta,0000:b8:00.1,False,1,1.0000393115880348,1.0001189297510302,0.999963151573771,4.400049956263049,0,4.939144999720156,4.999943232163787,0.0,0.0,0,0,0,0,4.12109375,13.47265625,True,0,0,2.6775758213803242,8787808,8787810,8787808,8787808,0.999963151573771,0,0.0,0,0,4.999323468655348,4999520,5.00020532682538,5000800,4938963,4.939144999720156,22,50,100000 100000,536870912,0.0,True,True
3,,af_packet,8,0,48-49,live-delta,0000:b8:00.1,False,1,0.9991910241043828,1.0001053931149908,1.0000253822863534,5.000670966381075,0,4.9640660006552935,4.999329123646021,0.0,0.0,0,0,0,0,4.1328125,13.40234375,True,0,0,2.7450565640188547,12702464,12702469,12702464,12702464,1.0000253822863534,0,0.0,0,0,5.00616286508739,5002113,5.000691961497068,5001219,4964192,4.9640660006552935,25,50,100000 100000,536870912,0.0,True,True
4,,af_packet,8,0,48-49,live-delta,0000:b8:00.1,False,5,5.0001354608480035,5.000090362653898,2.4938294379397346,12.202522129098073,0,5.1500169998034835,4.998966554179788,0.0,2.5054711552141886,0,0,0,0,4.14453125,13.4921875,True,0,0,11.223946063208949,43989248,43989249,21944917,21944917,2.4938294379397346,22044331,50.11299806716405,22044331,0,5.000024538487196,25000800,5.000511228106916,25003008,12843264,5.1500169998034835,61,50,100000 100000,536870912,0.0,True,False
5,,af_packet,8,0,48-49,live-delta,0000:b8:00.1,False,2,1.998051815991507,2.0001702223977955,2.0000662781477,12.398229714455661,0,4.586728000082076,5.000713926739991,0.0,0.0,0,0,0,0,4.2265625,13.44140625,True,0,0,6.372123408274521,18817600,18817602,18816788,18816788,2.0000662781477,812,0.0043151092594167165,812,0,5.004779115319252,9999808,4.999478988349438,9999809,9173760,4.586728000082076,62,50,100000 100000,536870912,0.0,True,True
6,,af_packet,8,0,48-49,live-delta,0000:b8:00.1,False,10,9.99203983577266,10.00119938340757,2.510844129244012,11.802036323189883,0,5.115117999725044,4.99913730006665,0.0,7.490481784897994,0,0,0,0,4.140625,13.36328125,True,0,0,11.03243734327661,87690432,87690436,21937980,21937980,2.510844129244012,65752452,74.98247015136155,65716576,35876,5.004883169196546,50008992,5.001489729620516,50020896,12843264,5.115117999725044,59,50,100000 100000,536870912,0.0,True,False
7,,af_packet,8,0,48-49,live-delta,0000:b8:00.1,False,20,19.99966280980261,20.000539662830928,2.4568123155846857,11.601100986630412,0,5.227613000199199,4.999525481835008,0.0,17.54309396627928,0,0,0,0,4.12890625,13.5625,True,0,0,11.150867627244521,176121824,176121825,21608569,21608569,2.4568123155846857,154513255,87.73089642769087,154479269,33986,4.998143316246569,99961181,5.000292976386845,100008558,12843264,5.227613000199199,58,50,100000 100000,536870912,0.0,True,False
8,,af_packet,8,0,48-49,live-delta,0000:b8:00.1,False,40,39.94099247667783,39.97906922821876,2.5047073704569107,12.415343372220665,0,4.395128999836743,4.993820802308619,0.0,37.481668189774986,0,0,0,0,4.01953125,13.41796875,True,0,0,11.011303395860935,372801408,372801409,23352598,23352598,2.5047073704569107,349448810,93.73591475276831,349448810,0,5.005351509898901,199918707,5.000348528847098,199909280,11008512,4.395128999836743,62,50,100000 100000,536870912,0.0,True,False
9,,af_packet,8,0,48-49,live-delta,0000:b8:00.1,False,80,79.80541757646027,79.90854914583782,2.4873902578507048,11.61193676175085,0,5.1633489998057485,4.99486013315618,0.0,71.6223011642512,0,0,0,0,4.10546875,13.40625,True,0,0,11.060982623876333,737464416,737464419,22898122,22898122,2.4873902578507048,714566294,96.89502008460298,660845383,34991,5.003603954799473,399314703,5.000222282484174,399560508,12843264,5.1633489998057485,58,50,100000 100000,536870912,0.0,True,False
10,,af_packet,8,0,48-49,live-delta,0000:b8:00.1,False,120,119.6805590412676,119.79725516021047,2.5048834763548933,11.800580391856478,0,5.127290000207722,4.99975408334285,0.0,72.58535268779224,0,0,0,0,3.96875,13.40625,True,0,0,11.002235106874332,1320747008,1320747009,27552939,27552939,2.5048834763548933,1293194069,97.91383672776793,799928430,38551,5.005945583805442,599114366,5.000297913327813,599021965,12843264,5.127290000207722,59,50,100000 100000,536870912,0.0,True,False
11,,af_packet,128,0,48-49,live-delta,0000:b8:00.1,False,1,1.0001694538884058,1.0000560532775478,1.0000032525056748,5.008779005004907,0,4.919257000088692,4.991236382164061,0.0,0.0,0,0,0,0,4.3671875,133.91796875,True,0,0,2.994897080782576,8795136,8795136,8795136,8795136,1.0000032525056748,0,0.0,0,0,4.999344841577113,5000192,5.000935681164265,5001216,4919273,4.919257000088692,25,50,100000 100000,536870912,0.0,True,True
12,,af_packet,128,0,48-49,live-delta,0000:b8:00.1,False,2,1.9982583644299154,2.000364974739391,2.00009985490753,9.60314455003825,0,4.5866510001942515,4.998362749814987,0.0,0.0,0,0,0,0,4.375,134.171875,True,0,0,6.25540089467559,18842144,18842145,18842144,18842144,2.00009985490753,0,0.0,0,0,5.005799138918519,10002880,5.000048054382205,10001921,9173760,4.5866510001942515,48,50,100000 100000,536870912,0.0,True,True
13,,af_packet,128,0,48-49,live-delta,0000:b8:00.1,False,5,4.9950408788125955,5.000721667959926,2.490960731164945,11.606592661849605,0,5.155948000028729,4.997159949503839,0.0,2.507399805988196,0,0,0,0,4.2734375,133.95703125,True,0,0,11.065036846116517,46499584,46499586,23135009,23135009,2.490960731164945,23364575,50.24684736964529,23364575,0,5.005419095978141,25002273,4.999201847240329,24999617,12843264,5.155948000028729,58,50,100000 100000,536870912,0.0,True,False
14,,af_packet,128,0,48-49,live-delta,0000:b8:00.1,False,10,9.990095686396407,10.000010102946765,2.5074592595625664,11.999364913340397,0,5.122023000381887,5.000264633446932,0.0,7.491477946927862,0,0,0,0,4.390625,134.05078125,True,0,0,11.075525336574112,95092832,95092835,23834151,23834151,2.5074592595625664,71258681,74.93591209903182,71258681,0,5.005828329361975,50008704,5.000848247669637,50008533,12843264,5.122023000381887,60,50,100000 100000,536870912,0.0,True,False
15,,af_packet,128,0,48-49,live-delta,0000:b8:00.1,False,20,19.977688536750932,19.99715991650656,2.5089395375902876,11.798037433308643,0,5.1190009992569685,5.000831734389067,0.0,17.48721819534932,0,0,0,0,4.32421875,134.04296875,True,0,0,11.010533552909356,253118592,253118593,31769513,31769513,2.5089395375902876,221349079,87.44876354242679,221349079,0,5.004339506849647,99975136,5.00084909144789,100002779,12843264,5.1190009992569685,59,50,100000 100000,536870912,0.0,True,False
16,,af_packet,128,0,48-49,live-delta,0000:b8:00.1,False,40,39.995422369635776,39.9866979424579,2.5108091142654168,11.599340415701615,0,4.384448000229895,5.000284319743514,0.0,37.47456859900356,0,0,0,0,4.37109375,133.84375,True,0,0,11.02819186272777,352751136,352751136,22201583,22201583,2.5108091142654168,330549553,93.70616257916176,330549553,0,4.999987627379596,199976617,5.000817554071546,199966181,11008512,4.384448000229895,58,50,100000 100000,536870912,0.0,True,False
17,,af_packet,128,0,48-49,live-delta,0000:b8:00.1,False,80,79.87490029861927,79.86384087957396,2.5128759992228824,11.590667137789113,0,5.110981999896467,5.004026024602354,0.0,71.51792707026127,0,0,0,0,4.3671875,133.90625,True,0,0,11.005604352848017,698223328,698223337,22020558,22020558,2.5128759992228824,676202770,96.84620133459649,625489273,0,5.000653453171253,399426696,5.001550358720124,399443022,12843264,5.110981999896467,58,50,100000 100000,536870912,0.0,True,False
18,,af_packet,128,0,48-49,live-delta,0000:b8:00.1,False,120,119.717920046663,119.83188720046294,2.4682033411332176,11.199541985050002,0,5.20348700042814,5.000204479321837,0.0,72.18004860187595,0,0,0,0,4.33203125,134.03515625,True,0,0,11.023311429704014,1128894912,1128894921,23237170,23237170,2.4682033411332176,1105657742,97.94160025410763,680472358,0,5.006069139577448,599316185,5.000408622436225,599208402,12843264,5.20348700042814,56,50,100000 100000,536870912,0.0,True,False
19,,af_packet,256,0,48-49,live-delta,0000:b8:00.1,False,1,0.9931054215096664,1.0001033545413034,1.0000422092754422,4.78880685843921,0,4.856755999848247,5.011686774902046,0.0,0.0,0,0,0,0,4.6875,261.79296875,True,0,0,2.498503961942117,14000000,14000003,14000000,14000000,1.0000422092754422,0,0.0,0,0,5.005779741331935,4971267,5.000699155032635,5001216,4856961,4.856755999848247,24,51,100000 100000,536870912,0.0,True,True
20,,af_packet,256,0,48-49,live-delta,0000:b8:00.1,False,2,1.9980857622347055,2.0002060176245564,2.0000837206378606,9.00083773352197,0,4.586687999777496,4.999534635804594,0.0,0.0,0,0,0,0,4.625,261.703125,True,0,0,4.444295048802532,18601920,18601922,18600496,18600496,2.0000837206378606,1424,0.007655123772169754,1424,0,5.004998378455639,10000416,5.0000289529562,10001088,9173760,4.586687999777496,45,50,100000 100000,536870912,0.0,True,True
21,,af_packet,256,0,48-49,live-delta,0000:b8:00.1,False,5,5.00062422738639,5.000652000080233,2.5112069324944755,11.801956588600873,0,5.114378999918699,4.999171074479818,0.0,2.489442064224326,0,0,0,0,4.6328125,261.78515625,True,0,0,11.019501604017695,44013440,44013440,22032531,22032531,2.5112069324944755,21980909,49.94135654927222,21980909,0,5.000898860394955,25007616,5.000397548079491,25005248,12843264,5.114378999918699,59,50,100000 100000,536870912,0.0,True,False
22,,af_packet,256,0,48-49,live-delta,0000:b8:00.1,False,10,9.990948205520588,9.999489369971775,2.4870482695447036,11.790517134674545,0,5.164059000089765,5.004021394997835,0.0,7.511136164833178,0,0,0,0,4.58203125,261.7109375,True,0,0,11.002559946391322,108505248,108505249,27053245,27053245,2.4870482695447036,81452003,75.0673396000164,81452003,0,5.005452432669699,50009216,5.000975364819169,50007200,12843264,5.164059000089765,59,50,100000 100000,536870912,0.0,True,False
23,,af_packet,256,0,48-49,live-delta,0000:b8:00.1,False,20,19.999029780182116,19.99803203143423,2.5490543949217965,11.999717500750974,0,4.3186650006100535,5.000117710791528,0.0,17.44929585263997,0,0,0,0,4.55078125,261.93359375,True,0,0,11.003426468937652,176049824,176049827,22415104,22415104,2.5490543949217965,153634720,87.26774983881836,153634720,0,5.000200514681637,99999159,5.00067450851202,100003649,11008512,4.3186650006100535,60,50,100000 100000,536870912,0.0,True,False
24,,af_packet,256,0,48-49,live-delta,0000:b8:00.1,False,40,39.97996140138867,39.98131832047182,2.520438327176836,11.403705136882888,0,5.095646999776363,4.998375467956066,0.0,37.45513203668973,0,0,0,0,4.62109375,261.77734375,True,0,0,11.095501416605716,352836992,352836995,22199688,22199688,2.520438327176836,330637304,93.70823113694382,-3964329992,0,5.000742821954191,199929505,5.000070342794061,199909404,12843264,5.095646999776363,57,50,100000 100000,536870912,0.0,True,False
25,,af_packet,256,0,48-49,live-delta,0000:b8:00.1,False,80,79.80977652706488,79.89007928501641,2.503335275450632,11.405240793458802,0,4.397537999786437,4.9977024625986814,0.0,71.51441670530292,0,0,0,0,4.5859375,261.875,True,0,0,11.005450290949353,890352064,890352068,27867768,27867768,2.503335275450632,862484296,96.8700282588439,796605186,0,5.005902163684368,399519933,5.000131174921989,399460876,11008512,4.397537999786437,57,50,100000 100000,536870912,0.0,True,False
26,,af_packet,256,0,48-49,live-delta,0000:b8:00.1,False,120,119.83554840087058,119.84548738762449,2.5045293352428764,11.606785559566775,0,5.128015000373125,4.99707689974457,0.0,72.37963902910023,0,0,0,0,4.6484375,261.84765625,True,0,0,11.004583185635502,1072243872,1072243872,22435584,22435584,2.5045293352428764,1049808288,97.90760436260157,647751870,0,5.00042840372771,599229080,5.000542891211808,599292500,12843264,5.128015000373125,58,50,100000 100000,536870912,0.0,True,False
27,,af_packet,512,0,48-49,live-delta,0000:b8:00.1,False,1,0.9992470787191717,1.0003458400255494,1.0000120112396467,4.989984663196145,0,4.912016000598669,5.010035438463092,0.0,0.0,0,0,0,0,5.16796875,517.265625,False,0,0,2.5193602143153893,9305472,9305473,9305472,9305472,1.0000120112396467,0,0.0,0,0,5.005240552127361,5001472,4.998591287061572,5000320,4912075,4.912016000598669,25,51,100000 100000,536870912,0.0,True,True
28,,af_packet,512,0,48-49,live-delta,0000:b8:00.1,False,2,2.0003591365998488,2.000122870124593,2.000052760528601,9.399462144455597,0,4.586759000085294,5.0002861097455025,0.0,0.0,0,0,0,0,5.1484375,517.39453125,False,0,0,5.350510459366042,17661824,17661827,17661824,17661824,2.000052760528601,0,0.0,0,0,5.000639043748379,10003074,5.000205812044442,10001026,9173760,4.586759000085294,47,50,100000 100000,536870912,0.0,True,True
29,,af_packet,512,0,48-49,live-delta,0000:b8:00.1,False,5,4.995807964076631,5.0028599278895225,2.585749256956596,11.614182923093425,0,4.9669409999623895,4.993894136510789,0.0,2.4157596753224126,0,0,0,0,5.15625,517.37890625,False,0,0,11.02301966673475,47700416,47700417,24607814,24607814,2.585749256956596,23092602,48.41174131479273,23092602,0,5.005521665327251,25006625,4.997839108109474,25003489,12843264,4.9669409999623895,58,50,100000 100000,536870912,0.0,True,False
30,,af_packet,512,0,48-49,live-delta,0000:b8:00.1,False,10,9.991584124951274,10.000062123450023,2.4637516637551973,11.197042062565945,0,5.215797999873757,5.001320856623352,0.0,7.535442447510323,0,0,0,0,5.07421875,517.2890625,False,0,0,11.06595750937262,94974528,94974532,23411814,23411814,2.4637516637551973,71562714,75.34937578210445,71562714,0,5.006987418048084,50027736,5.000503335148096,50005344,12850431,5.215797999873757,56,50,100000 100000,536870912,0.0,True,False
31,,af_packet,512,0,48-49,live-delta,0000:b8:00.1,False,20,20.00072054606925,19.995726296378333,2.5803526349694326,11.796521338395708,0,4.977328999899328,5.001474443823099,0.0,17.415139848417812,0,0,0,0,5.0859375,517.37109375,False,0,0,11.020976915058508,176487392,176487392,22782889,22782889,2.5803526349694326,153704503,87.09092545262384,153704503,0,5.001011827029288,100023840,5.001256094314158,100003748,12843264,4.977328999899328,59,50,100000 100000,536870912,0.0,True,False
32,,af_packet,512,0,48-49,live-delta,0000:b8:00.1,False,40,39.94554167418236,39.98656289475099,2.471747446898814,11.20181517212226,0,5.1960260001942515,4.9991897866129875,0.0,37.515067769792964,0,0,0,0,5.12890625,517.36328125,False,0,0,11.001623396246323,515712416,515712419,31892667,31892667,2.471747446898814,483819749,93.81580392278164,483819749,0,5.006682814098895,199994657,5.0006010150536895,199956847,12843264,5.1960260001942515,56,50,100000 100000,536870912,0.0,True,False
33,,af_packet,512,0,48-49,live-delta,0000:b8:00.1,False,80,79.8056883909572,79.85247469439186,2.48444261775908,11.384490614603205,0,5.169474999420345,5.00681162904948,0.0,71.66270160230724,0,0,0,0,5.06640625,517.34375,False,0,0,11.043201462750178,735159712,735159715,22854335,22854335,2.48444261775908,712305377,96.89124218493627,659664332,0,5.005850698798895,399495361,5.001247632317245,399362000,12843264,5.169474999420345,57,50,100000 100000,536870912,0.0,True,False
34,,af_packet,512,0,48-49,live-delta,0000:b8:00.1,False,120,119.6659920899921,119.80685493936652,2.4951458044499515,11.601654523604452,0,5.147300000302494,4.999286944977939,0.0,72.51123018215429,0,0,0,0,5.15234375,517.45703125,False,0,0,11.008108795503697,1143276544,1143276545,23824689,23824689,2.4951458044499515,1119451855,97.91610445215257,691985342,0,5.005950592458248,599042044,5.000726288184524,599121289,12843264,5.147300000302494,58,50,100000 100000,536870912,0.0,True,False
35,,dpdk_pdump,2048,0,48-49,live-delta,0000:b8:00.1,False,1,0.9991572571448857,0.999996857194017,0.9999025105223566,6.19587574557633,4.0013365298851005,5.005672000348568,5.0033282255753875,0.0,0.0,0.0,0.0,0.9998994106310178,0.0,9.1953125,153.37109375,True,0,0,0.005993105435473335,12894080,12894081,12894080,12894080,0.9999025105223566,0,0.0,0,0,5.006202941760421,5001984,5.000976717099547,5000961,5005184,5.005672000348568,31,50,100000 100000,536870912,0.0,True,True
36,,dpdk_pdump,2048,0,48-49,live-delta,0000:b8:00.1,False,2,1.9972086486017,1.9999458865083475,1.9999812074782983,10.396336745516976,4.002589647024036,5.00199900008738,5.001761800609529,0.0,0.0,0.0,0.0,1.9999712923295148,0.0,9.1875,153.37890625,True,0,0,0.06797000209500567,18830368,18830371,18830368,18830368,1.9999812074782983,0,0.0,0,0,5.002822818234563,9991681,5.00135182030499,10002433,10003904,5.00199900008738,52,50,100000 100000,536870912,0.0,True,True
37,,dpdk_pdump,2048,0,48-49,live-delta,0000:b8:00.1,False,5,5.000617568788054,5.0001890167606735,4.99983934049724,22.38844832758256,4.001935138555382,5.0043820003047585,5.002579828724265,0.0,0.0,0.0,0.0,4.999729721673941,0.0,9.1875,153.4140625,True,0,0,0.039964227458234344,43946528,43946528,43946528,43946528,4.99983934049724,0,0.0,0,0,4.9997408632189035,25001792,5.001276534982026,25007328,25021106,5.0043820003047585,112,50,100000 100000,536870912,0.0,True,True
38,,dpdk_pdump,2048,0,48-49,live-delta,0000:b8:00.1,False,10,10.000260652090246,9.999769080452392,8.661903273774106,99.52428662946276,4.002954741341645,5.004627000540495,5.003803763538599,0.0,0.0,1.3335448231856508,0.0,9.99905877429664,0.0,9.08203125,153.328125,True,4,35,0.09390840923943675,88019968,88019971,76125083,76125083,8.661903273774106,11894885,13.513848357681749,0,0,5.000906550325453,50010369,5.001545995473862,50014305,43349595,5.004627000540495,498,50,100000 100000,536870912,0.0,True,False
39,,dpdk_pdump,2048,0,48-49,live-delta,0000:b8:00.1,False,20,20.000805160918397,20.000884414530837,19.997714539505118,87.56870487999774,4.004568855585285,5.003363999538124,5.001786889508367,0.0,0.0,0.0012262783076740077,0.0,19.997317788618833,0.0,9.0859375,153.359375,True,0,0,0.10593018465475487,175705280,175705282,175696690,175696690,19.997714539505118,8590,0.004888868450623681,0,0,5.000353645533323,100011099,5.001023651100695,100024896,100055845,5.003363999538124,438,50,100000 100000,536870912,0.0,True,True
40,,dpdk_pdump,2048,0,48-49,live-delta,0000:b8:00.1,False,40,39.999830094020275,39.99359044574748,21.594928135967884,99.96643785282862,4.000656842870201,5.002183999866247,5.001678670756519,0.0,0.0,18.401398687894332,0.0,39.98417447811123,0.009195643111166779,9.18359375,153.48828125,True,27,279,0.03398553872110814,352407968,352407968,189516280,189516280,21.594928135967884,162891688,46.22247587773044,0,0,4.999915137887001,199995756,5.001120573841035,200012768,108021804,5.002183999866247,500,50,100000 100000,536870912,0.0,True,False
41,,dpdk_pdump,2048,0,48-49,live-delta,0000:b8:00.1,False,80,79.73766600911672,79.8512549986872,22.66071426314985,100.02623441445722,3.999048851889999,4.996302000246942,4.998688623309135,0.0,0.0,41.333639180821415,0.0,64.00845500740297,4.510993758293138,9.18359375,153.4375,True,41,229,0.032020686770686986,781268064,781268067,220178367,220178367,22.66071426314985,561089697,71.81782065009635,0,0,5.005454987287521,399123298,5.000126723200083,399266394,113219772,4.996302000246942,500,49,100000 100000,536870912,0.0,True,False
42,,dpdk_pdump,2048,0,48-49,live-delta,0000:b8:00.1,False,120,119.95364431863676,119.8283073662895,22.838949880709034,99.94450056145809,4.001777802480782,5.004379999823868,5.002776512876153,0.0,0.0,43.71062021118123,0.0,66.55146071197976,3.5961295931041395,9.1796875,153.46484375,True,40,267,0.011989618607370814,1052556384,1052556387,200632988,200632988,22.838949880709034,851923396,80.93850447825511,0,0,4.995901653543115,599276610,5.001428728923202,599312739,114294784,5.004379999823868,500,50,100000 100000,536870912,0.0,True,False
43,,dpdk_pdump,65536,0,48-49,live-delta,0000:b8:00.1,False,1,0.9996565731927041,1.0001417309673062,0.9999683753433336,6.402403133706386,3.9995012075872074,4.996126000769436,4.9981232564896345,0.0,0.0,0.0,0.0,0.9999879915759706,0.0,9.2265625,461.3359375,True,0,0,0.008005441139404643,8838912,8838913,8838912,8838912,0.9999683753433336,0,0.0,0,0,5.0031902296468616,5001472,5.000635255128145,5001344,4995968,4.996126000769436,32,50,100000 100000,536870912,0.0,True,True
44,,dpdk_pdump,65536,0,48-49,live-delta,0000:b8:00.1,False,2,1.998311146540616,1.9997529810002836,1.999940806540458,10.598021562555687,4.005252299962083,5.000531999394298,5.000933399423957,0.0,0.0,0.0,0.0,1.9999483362133386,0.0,9.2578125,461.546875,True,0,0,0.043994240367452676,19670784,19670784,19670784,19670784,1.999940806540458,0,0.0,0,0,5.005506783723831,10002560,5.001513734459877,10001792,10000768,5.000531999394298,53,50,100000 100000,536870912,0.0,True,True
45,,dpdk_pdump,65536,0,48-49,live-delta,0000:b8:00.1,False,5,5.000479514788633,5.0004953786229684,4.999572144447497,23.613342045590542,4.002261363659414,4.994679000228643,4.997174892574549,0.0,0.0,0.0,0.0,4.999611407152303,0.0,9.15234375,461.50390625,True,0,0,0.026027338908037136,44022400,44022404,44022400,44022400,4.999572144447497,0,0.0,0,0,5.000096675939858,25002881,5.00054516736418,25005203,24971258,4.994679000228643,118,50,100000 100000,536870912,0.0,True,True
46,,dpdk_pdump,65536,0,48-49,live-delta,0000:b8:00.1,False,10,9.991674135054128,9.998421785677724,9.99934567537936,60.679700683082885,4.006057870754847,5.018918000161648,5.009912649169564,0.0,0.0,0.0,0.0,9.999475546077049,0.0,9.25,461.421875,True,0,0,0.04782356740387144,127761120,127761123,127761120,127761120,9.99934567537936,0,0.0,0,0,5.005431454628706,50012640,5.001778287813067,50009889,50185896,5.018918000161648,304,50,100000 100000,536870912,0.0,True,True
47,,dpdk_pdump,65536,0,48-49,live-delta,0000:b8:00.1,False,20,19.976886785688176,19.997553804055652,19.877732965158227,91.90629005075039,3.9986244276982243,4.989178000018001,4.994217476807535,0.0,0.0,0.11769402648292618,0.0,19.99536744197311,0.0,9.25,461.53515625,True,0,0,0.008016554397862193,253393056,253393058,250035375,250035375,19.877732965158227,3357681,1.3250880087258587,0,0,5.0044250674545765,99972833,4.999336917884648,99974509,99173548,4.989178000018001,459,50,100000 100000,536870912,0.0,True,False
48,,dpdk_pdump,65536,0,48-49,live-delta,0000:b8:00.1,False,40,39.97719862758542,39.97627213266397,27.082237890150598,100.01128053868962,4.000451221547585,4.9982799999415874,4.999436036683619,0.0,0.0,12.898829191788131,0.0,39.95088508916986,0.02174514806233037,9.2578125,461.4609375,True,0,0,0.018005447692598715,349350560,349350562,235921593,235921593,27.082237890150598,113428967,32.46852302168916,0,0,4.999094605445862,199849798,5.001076647080481,199924401,135364608,4.9982799999415874,500,49,100000 100000,536870912,0.0,True,False
49,,dpdk_pdump,65536,0,48-49,live-delta,0000:b8:00.1,False,80,79.87237452712607,79.86321706512672,26.865501508658436,100.01475721411424,4.0025905837088525,4.99896299932152,4.9992622481659055,0.0,0.0,41.005130407787576,0.0,67.87640113549055,2.5569161270407452,9.25,461.59375,True,1,4,0.03000792117895646,702919328,702919328,235191447,235191447,26.865501508658436,467727881,66.54076255532982,0,0,5.000841284170747,399429068,5.000433199107647,399350682,134299648,4.99896299932152,500,50,100000 100000,536870912,0.0,True,False
50,,dpdk_pdump,65536,0,48-49,live-delta,0000:b8:00.1,False,120,47.932677159123166,119.77894344511984,20.596526079550507,99.98771200095756,4.003507988518341,5.0007469998672605,5.00061447545886,0.0,0.0,36.288966020315534,0.0,56.859906516917576,7.554274457274336,9.25390625,461.46875,True,32,90,0.009998140874497137,1676650720,1676650722,285810423,285810423,20.596526079550507,1390840297,82.95349057554456,0,0,5.005616652779281,239932607,5.001407223753631,599063273,102998016,5.0007469998672605,500,50,100000 100000,536870912,0.0,False,False
59,daemon-default-pipeline,af_packet,8,504,48-49,whole-14s-burst,0000:b8:00.1,False,0.01,0.010008080743599516,0.009981801097754298,0.010002285714285714,10.402295272909281,0,14.0,4.998896746896207,0.0,0.0,0,0,0,0,5.14453125,14.6171875,True,0,0,0.008005685848021346,140032,140036,140032,140032,0.010002285714285714,0,0.0,0,0,5.000759014859796,50048,5.001101455651224,49920,140032,25.807179000228643,52,49,100000 100000,536870912,0.0,True,True
60,daemon-default-pipeline,af_packet,8,504,48-49,whole-14s-burst,0000:b8:00.1,False,0.05,0.049950719439606134,0.05001574765763993,0.017922214285714288,13.997192848931913,0,14.0,5.0010027550160885,0.03208007142857143,0.0,0,0,0,0,5.9765625,15.82421875,True,0,0,0.20794547048222614,700032,700034,250911,250911,0.017922214285714288,449121,64.15720995611629,0,449121,5.004632622003555,249985,5.000685018487275,250113,250911,25.343479000031948,70,50,100000 100000,536870912,0.0,True,False
61,daemon-default-pipeline,af_packet,8,504,48-49,whole-14s-burst,0000:b8:00.1,False,0.1,0.09999633320240114,0.10003988352519784,0.022321785714285714,15.003359425518505,0,14.0,4.9988804422318935,0.0776827857142857,0.0,0,0,0,0,6.47265625,16.515625,True,0,0,0.13006751868116959,1400064,1400067,312505,312505,0.022321785714285714,1087559,77.67923466355823,0,1087559,4.998583287931979,499840,5.000245725736022,500224,312505,25.99690099991858,75,50,100000 100000,536870912,0.0,True,False
62,daemon-default-pipeline,af_packet,8,504,48-49,whole-14s-burst,0000:b8:00.1,False,0.25,0.25001524658029184,0.25003792263079744,0.03467992857142857,17.395670994164483,0,14.0,5.001244276762009,0.21532235714285713,0.0,0,0,0,0,8.3828125,19.24609375,True,0,0,0.34983070690848694,3500032,3500034,485519,485519,0.03467992857142857,3014513,86.12815539972206,0,3014513,5.0004030438140035,1250177,5.000973399728537,1250433,485519,23.958597999997437,87,50,100000 100000,536870912,0.0,True,False
63,daemon-default-pipeline,af_packet,8,504,48-49,whole-14s-burst,0000:b8:00.1,False,0.5,0.5000129395585337,0.5000331165394902,0.12389507142857144,23.412035519741366,0,14.0,4.997429629787803,0.3761095,0.0,0,0,0,0,14.828125,26.20703125,True,0,0,0.7510632402886802,7000064,7000067,1734531,1734531,0.12389507142857144,5265533,75.22121226320216,0,5265533,5.001598563045263,2500864,5.000884776003659,2500608,1734531,28.74837000016123,117,50,100000 100000,536870912,0.0,True,False
64,daemon-default-pipeline,af_packet,8,504,48-49,whole-14s-burst,0000:b8:00.1,False,0.75,0.7501390116990475,0.7500303739292573,0.06604057142857143,24.614203884942423,0,14.0,4.997114697471261,0.6839662857142856,0.0,0,0,0,0,14.66796875,26.2421875,True,0,0,1.1693749577876473,10500096,10500097,924568,924568,0.06604057142857143,9575528,91.19467098205578,0,9575528,5.00028920173645,3750912,5.001696105115116,3751424,924568,22.90613199956715,123,50,100000 100000,536870912,0.0,True,False
65,daemon-default-pipeline,af_packet,8,504,48-49,whole-14s-burst,0000:b8:00.1,False,1,1.0000860186057183,1.0000622145795768,0.0912015,28.61314498022791,0,14.0,4.997702982276678,0.9087916428571429,0.0,0,0,0,0,14.84375,28.38671875,True,0,0,1.941359353153014,13999904,13999905,1276821,1276821,0.0912015,12723083,90.87978746139973,0,12723083,5.001169806346297,5001600,4.999752942472696,5000064,1276821,26.07064099982381,143,50,100000 100000,536870912,0.0,True,False
66,daemon-default-pipeline,af_packet,8,504,48-49,whole-14s-burst,0000:b8:00.1,False,2,2.0001680867540186,2.0014910356701674,0.17354378571428572,17.422877760286045,0,14.0,4.993434563279152,1.8264470714285714,0.0,0,0,0,0,60.171875,69.0078125,True,0,0,2.3793237421422546,27999872,27999876,2429613,2429613,0.17354378571428572,25570259,91.32277104695336,0,25570259,5.00053973775357,10001920,4.998241721652448,10003936,2429613,28.00379699934274,87,50,100000 100000,536870912,0.0,True,False
67,daemon-default-pipeline,af_packet,8,504,48-49,whole-14s-burst,0000:b8:00.1,False,5,5.004594885887223,5.0009138000257884,0.3543399285714286,13.405545497221139,0,14.0,4.997931640595198,4.180652,0.32422574281148275,0,0,0,0,21.5859375,61.03125,True,0,0,6.582426355732163,69997504,69997506,4960759,4960759,0.3543399285714286,65036745,92.91294872457166,6507617,58529128,4.995908274315298,25002497,5.0005966909229755,25007553,4960759,22.40224099997431,67,50,100000 100000,536870912,0.0,True,False
68,daemon-default-pipeline,af_packet,8,504,48-49,whole-14s-burst,0000:b8:00.1,False,10,9.999616007283205,9.999189957098885,0.11160042857142856,8.002336284123807,0,14.0,4.998540248721838,5.255958142857143,4.573310228915251,0,0,0,0,21.4765625,31.26171875,True,0,0,11.059463131079589,139982368,139982370,1562406,1562406,0.11160042857142856,138419962,98.88385514381353,64836548,73583414,4.999119962565601,49989280,4.999012941494584,49986080,1562406,31.965927000157535,40,50,100000 100000,536870912,0.0,True,False
69,daemon-default-pipeline,af_packet,8,504,48-49,whole-14s-burst,0000:b8:00.1,False,20,20.02075674017748,19.998905729818752,0.11569585714285714,7.801029775738526,0,14.0,4.999339974485338,5.313133,14.48315699067489,0,0,0,0,22.359375,31.21875,True,0,0,11.10840060093054,279960928,279960930,1619742,1619742,0.11569585714285714,278341186,99.42143998036755,203957324,74383862,4.994523698464036,99994144,5.000764459371567,100009817,1619742,23.682450000196695,39,50,100000 100000,536870912,0.0,True,False
70,daemon-default-pipeline,af_packet,8,504,48-49,whole-14s-burst,0000:b8:00.1,False,40,39.9847050944625,39.98033375013433,0.08498014285714285,7.600946473168315,0,14.0,4.9993773978203535,5.376776357142857,34.44270909152729,0,0,0,0,24.34765625,34.37109375,True,0,0,11.136202726530108,559725472,559725476,1189722,1189722,0.08498014285714285,558535750,99.78744544254009,483260881,75274869,5.000404817983508,199939712,5.000989967957139,199941248,1189722,24.905152999795973,38,50,100000 100000,536870912,0.0,True,False
71,daemon-default-pipeline,af_packet,8,504,48-49,whole-14s-burst,0000:b8:00.1,False,80,79.89926468407253,79.90501957678998,0.08702785714285714,7.603141885026258,0,14.0,4.997933824546635,5.368660642857143,71.92972024351077,0,0,0,0,21.46484375,31.12109375,True,0,0,11.086073055209672,1118332928,1118332931,1218390,1218390,0.08702785714285714,1117114538,99.89105301565439,1007304117,75161249,5.000503103248775,399536521,5.0012451047077775,399624588,1218390,27.62934400048107,38,50,100000 100000,536870912,0.0,True,False
72,daemon-default-pipeline,af_packet,8,504,48-49,whole-14s-burst,0000:b8:00.1,False,120,119.79945720509254,119.79429961540787,0.08651592857142856,7.600634778704409,0,14.0,4.999582417309284,5.373759142857143,72.36464293363936,0,0,0,0,21.703125,31.0,True,0,0,11.010153981489282,1677108960,1677108960,1211223,1211223,0.08651592857142856,1675897737,99.92777911102449,1013243024,75232628,5.000461629591882,599052589,5.001109926961362,599104461,1211223,25.340326000005007,38,50,100000 100000,536870912,0.0,True,False
73,pipeline-single-cpu,af_packet,8,504,48,whole-14s-burst,0000:b8:00.1,False,0.05,0.04995390304981004,0.05000889404479021,0.050002285714285714,4.397145675218347,0,14.0,5.003245656378567,0.0,0.0,0,0,0,0,7.30078125,18.77734375,True,0,0,0.029971844256050702,700032,700036,700032,700032,0.050002285714285714,0,0.0,0,0,5.004313671961427,249985,5.0013703517615795,250113,700032,24.243946000002325,22,50,100000 100000,536870912,0.0,True,True
74,pipeline-single-cpu,af_packet,8,504,48,whole-14s-burst,0000:b8:00.1,False,0.5,0.5000350911180702,0.49999399651016685,0.5000045714285715,32.219858254330944,0,14.0,4.996918320655823,0.0,0.0,0,0,0,0,13.1171875,21.8984375,True,0,0,0.6529586006332336,7000064,7000066,7000064,7000064,0.5000045714285715,0,0.0,0,0,4.998439198359847,2499395,5.0012780502438545,2500609,7000064,23.787805000320077,161,50,100000 100000,536870912,0.0,True,True
75,pipeline-single-cpu,af_packet,8,504,48,whole-14s-burst,0000:b8:00.1,False,1,1.0001158829513745,1.0001674195473256,1.0,62.22263299664562,0,14.0,4.998181289061904,0.0,0.0,0,0,0,0,13.42578125,22.4140625,True,0,0,2.569137097851186,14000000,14000003,14000000,14000000,1.0,0,0.0,0,0,5.000636511482298,5001216,5.000634795986116,5001472,14000000,23.76813600026071,311,50,100000 100000,536870912,0.0,True,True
76,pipeline-single-cpu,af_packet,8,504,48,whole-14s-burst,0000:b8:00.1,False,2,1.9999807274896637,2.001163637246076,0.039930428571428575,13.814710865290666,0,14.0,4.994675652123988,1.9600512857142858,0.0,0,0,0,0,10.796875,23.78515625,True,0,0,2.9678342875665336,27999744,27999745,559026,559026,0.039930428571428575,27440718,98.00346031735147,0,27440718,5.0006241872906685,10001152,4.998327380046248,10002471,559026,25.21929399948567,69,50,100000 100000,536870912,0.0,True,False
77,pipeline-single-cpu,af_packet,8,504,48,whole-14s-burst,0000:b8:00.1,False,5,5.001553032302916,5.000406290173836,0.12207828571428571,12.401513810467078,0,14.0,4.9993896670639515,4.7544305,0.0884446058956011,0,0,0,0,13.87890625,48.07421875,True,0,0,5.569032952356679,69997952,69997955,1709096,1709096,0.12207828571428571,68288856,97.5583628503874,1726829,66562027,4.99906805716455,25003104,5.000848040916026,25006272,1709096,22.22567899990827,62,50,100000 100000,536870912,0.0,True,False
84,pipeline-fits-512,dpdk_pdump,16384,512,48-49,whole-14s-burst,0000:b8:00.1,False,1,1.0000834221016297,0.999965103419424,0.019245214285714286,6.785010179135353,4.0111383706064885,14.0,5.011046277359128,0.0,0.0,0.9858759182941382,0.0,0.9999635490348892,0.0,14.1171875,228.609375,True,0,0,0.00199275970536287,13999776,13999778,269433,269433,0.019245214285714286,13730343,98.07544777859303,0,0,4.999422937631607,4999840,5.002286562696099,5002112,269433,23.25966199953109,34,50,100000 100000,536870912,0.0,True,False
85,pipeline-fits-512,dpdk_pdump,16384,512,48-49,whole-14s-burst,0000:b8:00.1,False,5,5.001151753054114,5.000312110197059,0.018502714285714286,6.802704938267922,3.9995903445875225,14.0,4.998011865653098,0.0,0.0,4.998119629752988,0.0,5.000052435178385,0.0,20.0234375,235.3515625,True,0,0,0.0020014521939381888,69997664,69997666,259038,259038,0.018502714285714286,69738626,99.62993336463343,0,0,5.000787265598774,25009696,5.000833437778056,25005728,259038,26.48315600026399,34,50,100000 100000,536870912,0.0,True,False
86,pipeline-fits-512,dpdk_pdump,16384,512,48-49,whole-14s-burst,0000:b8:00.1,False,20,20.004485236069986,19.998753639365574,0.015213714285714287,6.804687047091461,3.998754329437864,14.0,4.996556015685201,0.0,0.0,19.99642686155231,0.0,19.99864754081161,0.0,23.05859375,237.5078125,True,0,0,0.05607638242709536,279956128,279956130,212992,212992,0.015213714285714287,279743136,99.92391950784517,0,0,5.000584159977734,100034112,5.000887495465577,100011517,212992,24.743846000172198,34,50,100000 100000,536870912,0.0,True,False
87,pipeline-fits-512,dpdk_pdump,16384,512,48-49,whole-14s-burst,0000:b8:00.1,False,120,119.64825940823016,119.64119364473581,0.021650285714285712,7.198741263604491,4.001300352353497,14.0,5.00087427534163,0.0,0.0,92.4694079340014,0.0,92.49060666580111,0.0006102268227917235,25.32421875,239.8203125,True,0,0,0.003999031306758412,1673795936,1673795938,303104,303104,0.021650285714285712,1673492832,99.98189122141589,0,0,5.000921784900129,598351587,5.001097086817026,598337225,303104,24.792686000466347,36,50,100000 100000,536870912,0.0,True,False
88,knee,af_packet,8,0,48-49,live-delta,0000:b8:00.1,False,2.2,2.200484093448045,2.200157537287385,2.199727484683892,9.60212758297147,0,5.004488999955356,4.998892129398882,0.0,0.00026739451853872607,0,0,0,0,4.55859375,13.3828125,True,0,0,4.6199749797987355,19288512,19288515,19287036,19287036,2.199727484683892,1476,0.007652223250813749,1476,0,5.000063410028815,11002560,5.00063100643456,11002176,11008512,5.004488999955356,48,50,100000 100000,536870912,0.0,True,True
89,knee,af_packet,8,0,48-49,live-delta,0000:b8:00.1,False,2.3,2.300250854902169,2.300334840423218,2.2993051443426293,10.00250532271386,0,4.787755999714136,4.99874765239656,0.0,0.0008142587693419336,0,0,0,0,4.5546875,13.49609375,True,0,0,5.372064555538306,20132544,20132544,20128473,20128473,2.2993051443426293,4071,0.020220991445492432,4071,0,4.999885980039835,11500992,5.000426806509495,11502656,11008512,4.787755999714136,50,50,100000 100000,536870912,0.0,True,True
90,knee,af_packet,8,0,48-49,live-delta,0000:b8:00.1,False,2.4,2.4005002258503003,2.4000896072313544,2.4000233216958518,10.593963877981286,0,5.35130799934268,5.002848849631846,0.0,0.0,0,0,0,0,4.56640625,13.5,True,0,0,4.106174286814577,21153216,21153219,21153216,21153216,2.4000233216958518,0,0.0,0,0,5.000771035440266,12004352,5.001253271475434,12003456,12843264,5.35130799934268,53,50,100000 100000,536870912,0.0,True,True
91,knee,af_packet,8,0,48-49,live-delta,0000:b8:00.1,False,2.5,2.5004074402951186,2.500174411827191,2.4978594663329394,11.000800729153331,0,5.1417079996317625,4.999636058695614,0.0,0.00250213504687329,0,0,0,0,4.5703125,13.54296875,True,0,0,4.088841574732229,22033952,22033954,22007168,22007168,2.4978594663329394,26784,0.12155785761900544,26784,0,5.001386493444443,12505504,5.000777522101998,12502816,12843264,5.1417079996317625,55,50,100000 100000,536870912,0.0,True,False
92,knee,af_packet,128,0,48-49,live-delta,0000:b8:00.1,False,2.3,2.3004348755866073,2.3001199223733315,2.299945491858072,10.599537701653304,0,4.786422999575734,5.000218074768782,0.0,0.0,0,0,0,0,4.8203125,133.97265625,True,0,0,2.3981504256473367,20310016,20310023,20310016,20310016,2.299945491858072,0,0.0,0,0,5.000335859134793,11502947,5.00081186555326,11502467,11008512,4.786422999575734,53,50,100000 100000,536870912,0.0,True,True
93,knee,af_packet,256,0,48-49,live-delta,0000:b8:00.1,False,2.3,2.2994470211931284,2.300100043130532,2.2990002275588584,11.198101315265156,0,4.7883910005912185,5.000847770832479,0.0,0.0009040293189752617,0,0,0,0,5.10546875,261.8203125,True,0,0,2.4238560732086043,20274560,20274563,20270039,20270039,2.2990002275588584,4521,0.022298880962151584,4521,0,5.000075189396739,11497408,5.001020731404424,11502848,11008512,4.7883910005912185,56,50,100000 100000,536870912,0.0,True,True
94,physical-budget-safe-ring,af_packet,496,0,48-49,live-delta,0000:b8:00.1,False,120,119.79947684646667,119.82883842005003,2.5162937591635584,11.202181319962015,0,5.104040000587702,4.999026386067271,0.0,73.12813927670682,0,0,0,0,5.609375,501.7578125,True,0,0,11.00099833435286,1053984544,1053984546,22134932,22134932,2.5162937591635584,1031849612,97.89988077851737,643541709,0,5.000013003125787,598998942,5.000604761764407,599216660,12843264,5.104040000587702,56,50,100000 100000,536870912,0.0,True,False
95,repeat-knee,dpdk_pdump,2048,0,48-49,live-delta,0000:b8:00.1,False,10,10.000583152633794,9.99925155911779,9.999157567628908,42.58443462119936,4.0005377313154895,5.002179999835789,5.001827590167522,0.0,0.0,0.0,0.0,9.999192593307257,0.0,9.65625,153.7109375,True,0,0,0.003998173751393863,87857376,87857376,87857376,87857376,9.999157567628908,0,0.0,0,0,5.000959567725658,50012512,5.000579063780606,50002048,50017586,5.002179999835789,213,50,100000 100000,536870912,0.0,True,True
96,repeat-knee,dpdk_pdump,2048,0,48-49,live-delta,0000:b8:00.1,False,10,9.99969308970764,9.997667277859074,9.996962609340454,42.77299338643169,4.0054709694583694,5.0046239998191595,5.003156970255077,0.0,0.0,1.9999075150045788e-07,0.0,9.998492823337056,0.0,9.54296875,153.44140625,True,0,0,0.003996209888642199,87973216,87973219,87965659,87965659,9.996962609340454,7557,0.008590114518491627,0,0,5.000768278725445,50006148,5.001464302651584,50002976,50031039,5.0046239998191595,214,50,100000 100000,536870912,0.0,True,True
97,repeat-knee,dpdk_pdump,2048,0,48-49,live-delta,0000:b8:00.1,False,20,20.00646008525939,19.998648218737,19.997529363629965,85.6234500552364,3.9990952490751766,4.997097000479698,4.998630628921092,0.0,0.0,0.00034560188053915956,0.0,19.997950215751906,0.0,9.55859375,153.5703125,True,0,0,0.008004293309750455,175908032,175908037,175903011,175903011,19.997529363629965,5021,0.002854332427526675,0,0,4.999388526193798,100020067,5.001031165011227,100013863,99929594,4.997097000479698,428,50,100000 100000,536870912,0.0,True,True
98,repeat-knee,dpdk_pdump,2048,0,48-49,live-delta,0000:b8:00.1,False,25,24.99332953333172,24.994325038292672,23.4447670558859,99.97139158701643,4.004853946975879,5.000855999998748,5.00143082998693,0.0,0.0,1.546154554830929,0.0,24.995619905093427,0.0,9.625,153.39453125,True,6,67,0.003999006594878006,218850688,218850691,205254812,205254812,23.4447670558859,13595876,6.212398107699803,0,0,5.001182208769023,124996195,5.001311209984124,125004398,117243904,5.000855999998748,500,50,100000 100000,536870912,0.0,True,False
99,repeat-knee,dpdk_pdump,65536,0,48-49,live-delta,0000:b8:00.1,False,15,14.999939881011525,14.999173868339717,14.998250719212512,66.20752971713983,4.002455195286913,4.998057000339031,4.999431354925036,0.0,0.0,0.0,0.0,14.998061645833278,0.0,9.6015625,461.33984375,True,0,0,0.010003205134243945,131907936,131907940,131907936,131907936,14.998250719212512,0,0.0,0,0,5.000237907283008,75003268,5.000962363556027,75010304,74962112,4.998057000339031,331,50,100000 100000,536870912,0.0,True,True
100,repeat-knee,dpdk_pdump,65536,0,48-49,live-delta,0000:b8:00.1,False,18,18.005805068871354,17.99872860616833,17.998835546617837,76.97094369374258,4.0024890720746145,5.00148699991405,5.001887485384941,0.0,0.0,0.0,0.0,17.999971113559365,0.0,9.765625,461.55859375,True,0,0,0.0019993430694257336,158517280,158517281,158517280,158517280,17.998835546617837,0,0.0,0,0,4.997142402455211,89977572,5.001697562634945,90024197,90020942,5.00148699991405,385,50,100000 100000,536870912,0.0,True,True
101,repeat-knee,dpdk_pdump,65536,0,48-49,live-delta,0000:b8:00.1,False,20,19.998781318327115,19.998411293677602,19.997193735485727,85.1906828015987,4.001562354131432,4.999535000883043,5.000546843744814,0.0,0.0,0.0,0.0,19.99680311376616,0.0,9.7421875,461.5859375,True,0,0,0.018000794253898195,175307712,175307713,175307712,175307712,19.997193735485727,0,0.0,0,0,5.000229484401643,99998496,5.00100280623883,100012111,99976670,4.999535000883043,426,50,100000 100000,536870912,0.0,True,True
102,repeat-knee,dpdk_pdump,65536,0,48-49,live-delta,0000:b8:00.1,False,25,25.004875516952275,24.994423933189456,24.99640433632978,100.10404798945873,4.002163834788141,5.006032000295818,5.0047926139086485,0.0,0.0,0.0,0.0,24.995037954358068,0.0,9.6953125,461.43359375,True,0,0,0.007990298283430666,219663232,219663232,219663232,219663232,24.99640433632978,0,0.0,0,0,4.999824130907655,125019980,5.002170417457819,125026368,125132800,5.006032000295818,501,50,100000 100000,536870912,0.0,True,True
103,repeat-knee,dpdk_pdump,65536,0,48-49,live-delta,0000:b8:00.1,False,40,39.987394345768756,39.991602425405866,30.039626801340766,100.0171418996462,3.9986853331478547,4.997072999365628,4.999143051914871,0.0,0.0,9.979252144876675,0.0,39.99052576701668,0.0,9.59375,461.578125,True,40,127,0.01000581364610761,350671552,350671553,263018021,263018021,30.039626801340766,87653531,24.995905855516902,0,0,4.9999965056777,199936832,5.001173943281174,200004960,150110208,4.997072999365628,500,50,100000 100000,536870912,0.0,True,False
104,repeat-knee,dpdk_pdump,65536,0,48-49,live-delta,0000:b8:00.1,False,120,119.82264490445827,119.82041012545855,30.574052146550553,99.96905539650095,4.002760978075898,5.001360999420285,5.001547709107399,0.0,0.0,44.282881974405946,0.0,74.88277031777531,1.024865775977655,9.6953125,461.33984375,True,33,130,0.015995507703243036,1051620896,1051620898,267730208,267730208,30.574052146550553,783890688,74.54118599027915,0,0,5.00067488476634,599194091,5.001315279863775,599259648,152911872,5.001360999420285,500,50,100000 100000,536870912,0.0,True,False
105,default-pipeline-knee,af_packet,8,504,48-49,whole-14s-burst,0000:b8:00.1,False,0.02,0.01999296618587098,0.01998783628700481,0.016448,13.99790769871648,0,14.0,5.000747362151742,0.0035565714285714285,0.0,0,0,0,0,5.609375,15.3125,True,0,0,0.0,280064,280066,230272,230272,0.016448,49792,17.778793418647165,0,49792,5.000258544459939,99970,5.001541865989566,99970,230272,22.29991100076586,70,50,100000 100000,536870912,0.0,True,False
106,default-pipeline-knee,af_packet,8,504,48-49,whole-14s-burst,0000:b8:00.1,False,0.03,0.029998976577005294,0.02999748979655607,0.017179285714285713,13.607654336283792,0,14.0,4.99718748871237,0.01282757142857143,0.0,0,0,0,0,5.7734375,15.41796875,True,0,0,0.0020024442777191722,420096,420098,240510,240510,0.017179285714285713,179586,42.748800274223036,0,179586,5.0007705967873335,150018,5.001018452458084,150018,240510,24.039622000418603,68,50,100000 100000,536870912,0.0,True,False
107,default-pipeline-knee,af_packet,8,504,48-49,whole-14s-burst,0000:b8:00.1,False,0.01,0.01000747283172615,0.009981203982963694,0.010002285714285714,9.193737420695259,0,14.0,5.00340589415282,0.0,0.0,0,0,0,0,5.12109375,14.640625,True,0,0,0.00399536731223303,140032,140041,140032,140032,0.010002285714285714,0,0.0,0,0,5.001062789931893,50048,5.001400641165674,49920,140032,26.968772999942303,46,50,100000 100000,536870912,0.0,True,True
108,single-cpu-pipeline-knee,af_packet,8,504,48,whole-14s-burst,0000:b8:00.1,False,1.2,1.1998906579286348,1.2000180942285987,1.199945142857143,61.21057075699172,0,14.0,4.999136525206268,0.0,0.0,0,0,0,0,13.43359375,22.484375,True,0,0,4.446698885997125,16799232,16799234,16799232,16799232,1.199945142857143,0,0.0,0,0,5.0004289643839,5999968,5.000431267544627,6000608,16799232,23.87206399999559,306,50,100000 100000,536870912,0.0,True,True
110,single-cpu-pipeline-knee,af_packet,8,504,48,whole-14s-burst,0000:b8:00.1,False,1.6,1.5998420215031766,1.6001058561139399,0.04574742857142857,5.796542676472624,0,14.0,5.0029822289943695,1.5541702857142856,0.0,0,0,0,0,13.55859375,22.66796875,True,0,0,3.1109401732860067,22398848,22398850,640464,640464,0.04574742857142857,21758384,97.14063866141687,0,21758384,5.003854063339531,8005376,5.001289114356041,8002592,640464,27.34161200001836,29,50,100000 100000,536870912,0.0,True,False
111,single-cpu-pipeline-knee,af_packet,8,504,48,whole-14s-burst,0000:b8:00.1,False,1,1.000960167984542,1.000358850638036,0.9999817142857144,55.20961277248563,0,14.0,4.999129429459572,0.0,0.0,0,0,0,0,13.421875,22.5390625,True,0,0,2.513747957010239,13999744,13999744,13999744,13999744,0.9999817142857144,0,0.0,0,0,4.996674353256822,5001472,5.000189678743482,5001984,13999744,22.28406700026244,276,50,100000 100000,536870912,0.0,True,True
112,,direct_rx,,0,48-49,live-delta,0000:b8:00.1,False,20,19.99718899986649,19.997715602747924,19.99480643336454,0,0.999893763027949,4.9999979911372066,5.000531241297722,0,0.0,0.0,0.0,19.99480643336454,0.001495200600730571,10.87109375,143.453125,True,18,35,0.019994761706836933,175221056,175221057,175206406,175206406,19.99480643336454,14650,0.008360867314941876,0,0,5.000715650618076,100000256,5.000900802202523,100006592,99973992,4.9999979911372066,500,50,100000 100000,536870912,130.0,True,True
113,,direct_rx,,0,48-49,live-delta,0000:b8:00.1,False,40,39.987577827430485,39.98012781303117,33.791506981898806,0,1.0001873352335426,4.999996954575181,4.99906349927187,0,0.0,0.0,0.0,33.791506981898806,0.00873560532072585,10.6328125,143.4609375,True,33,82,0.002001317607091508,352656448,352656451,297901753,297901753,33.791506981898806,54754695,15.526355837395606,0,0,5.001031491905451,199979136,5.001357697881758,199954920,168957432,4.999996954575181,500,50,100000 100000,536870912,130.0,True,False
114,,direct_rx,,0,48-49,live-delta,0000:b8:00.1,False,80,79.87395816790414,79.91684191093131,33.476605318733434,0,1.0000230794511058,5.000000400468707,4.999884605407715,0,0.0,0.0,0.0,33.476605318733434,0.01177799905665599,10.50390625,143.34765625,True,26,140,0.0,702941728,702941732,294813948,294813948,33.476605318733434,408127780,58.059973358133036,0,0,5.0005346443504095,399412495,5.000875177793205,399654151,167383040,5.000000400468707,500,50,100000 100000,536870912,130.0,True,False
115,,direct_rx,,0,48-49,live-delta,0000:b8:00.1,False,120,119.96335174261907,119.8458187419245,33.559281036055275,0,0.9998601196448537,5.000020823441446,5.000699499621987,0,0.0,0.0,0.0,33.559281036055275,0.011198353362348895,10.640625,143.44921875,True,21,36,0.04799763979000798,1051261664,1051261668,294553984,294553984,33.559281036055275,756707680,71.98090693431773,0,0,4.996269037947059,599369180,5.00102567858994,599352017,167797104,5.000020823441446,500,50,100000 100000,536870912,130.0,True,False
116,,direct_pcap,,0,48-49,live-delta,0000:b8:00.1,False,10,10.000716786201059,10.000544449078342,9.99950829820804,0,0.9979537148563279,5.000002251006663,5.000231900252402,0,0.0,0.0,0.0,9.99950829820804,7.999996398390961e-07,10.92578125,143.35546875,True,13,99,0.015998596982017776,87991648,87991652,87991644,87991644,9.99950829820804,4,4.545885991361362e-06,0,0,4.999523241072893,49998816,5.0008989265188575,50011712,49997564,5.000002251006663,499,50,100000 100000,536870912,130.0,True,True
117,,direct_pcap,,0,48-49,live-delta,0000:b8:00.1,False,20,19.999156426885556,19.998233154146305,19.97417220856374,0,1.0018313521754312,5.003998311236501,5.00084169767797,0,0.0,0.0,0.0,19.97417220856374,0.023666674653760253,10.55078125,143.390625,True,38,161,0.0019993351118795456,175948608,175948610,175710180,175710180,19.97417220856374,238428,0.13551002347230845,0,0,4.999497272074223,99985728,4.99999211076647,99991008,99950724,5.003998311236501,501,50,100000 100000,536870912,130.0,True,False
118,,direct_pcap,,0,48-49,live-delta,0000:b8:00.1,False,40,40.02260309345852,39.990111413379545,20.394055316216686,0,0.9993524321904703,5.0000011483207345,5.0032399371266365,0,0.0,0.0,0.0,20.394055316216686,13.308086543609656,10.55078125,143.44140625,True,14,90,0.021981474823893152,351815168,351815168,179453333,179453333,20.394055316216686,172361835,48.992155733319606,0,0,4.996315095573664,199965536,5.001520099118352,200011346,101970300,5.0000011483207345,500,50,100000 100000,536870912,130.0,True,False
119,,direct_pcap,,0,48-49,live-delta,0000:b8:00.1,False,120,119.78403386123298,119.78215552045515,20.177158182169276,0,1.0019619681734966,5.0000014416873455,5.0001897867769,0,0.0,0.0,0.0,20.177158182169276,13.79856642135628,10.66796875,143.41796875,True,16,33,0.00800122047205809,1056616512,1056616516,177895836,177895836,20.177158182169276,878720676,83.16363278638599,0,0,4.999714274890721,598885944,5.001185221597552,599052746,100885820,5.0000014416873455,501,50,100000 100000,536870912,130.0,True,False
120,MPRQ,direct_rx,,0,48-49,live-delta,"0000:b8:00.1,mprq_en=1,rxqs_min_mprq=1,mprq_max_memcpy_len=0,mprq_log_stride_num=6,mprq_log_stride_size=8",False,40,39.993120708516216,39.995356682578915,39.611640713177,0,0.9977412848067035,4.9999967543408275,5.0012965044006705,0,0.0,0.0,0.0,39.611640713177,0.3753740436672416,10.57421875,149.375,True,21,88,0.01999410680410382,351810720,351810722,348225853,348225853,39.611640713177,3584867,1.0189760562156833,0,0,5.000480919145048,199984837,5.00199107080698,200056417,198058075,4.9999967543408275,499,50,100000 100000,536870912,136.0,True,False
121,MPRQ,direct_rx,,0,48-49,live-delta,"0000:b8:00.1,mprq_en=1,rxqs_min_mprq=1,mprq_max_memcpy_len=0,mprq_log_stride_num=6,mprq_log_stride_size=8",False,80,79.95257080551534,79.88587843087136,38.73914293117931,0,0.9996540594328087,4.999999053776264,5.00173030141741,0,0.0,0.0,0.0,38.73914293117931,7.60267643876658,10.66796875,149.48828125,True,19,87,0.015992207640496938,703801152,703801154,342224690,342224690,38.73914293117931,361576462,51.37480394462327,0,0,4.996453134343028,399479273,5.001076921820641,399515423,193695678,4.999999053776264,500,50,100000 100000,536870912,136.0,True,False
122,MPRQ,direct_rx,,0,48-49,live-delta,"0000:b8:00.1,mprq_en=1,rxqs_min_mprq=1,mprq_max_memcpy_len=0,mprq_log_stride_num=6,mprq_log_stride_size=8",False,120,119.85363483793509,119.82286400774572,38.77917576277522,0,0.9999126212660051,4.999984945170581,5.000436931848526,0,0.0,0.0,0.0,38.77917576277522,8.356584961392223,10.5546875,149.390625,True,7,18,0.0,1054748608,1054748608,341666831,341666831,38.77917576277522,713081777,67.60679953416918,0,0,4.998865648172796,599132218,4.9997145449742675,599080116,193895295,4.999984945170581,500,50,100000 100000,536870912,136.0,True,False
123,MPRQ,direct_pcap,,0,48-49,live-delta,"0000:b8:00.1,mprq_en=1,rxqs_min_mprq=1,mprq_max_memcpy_len=0,mprq_log_stride_num=6,mprq_log_stride_size=8",False,20,19.999842285867466,20.00162545348378,15.03255165406914,0,0.9998849611836097,4.999985879287124,5.000575260259211,0,0.0,0.0,0.0,15.03255165406914,4.967404828659466,10.6171875,149.35546875,True,17,109,0.0,174904928,174904929,131549407,131549407,15.03255165406914,43355521,24.788049997081842,0,0,4.998669818043709,99972608,5.000935960561037,100026848,75162546,4.999985879287124,500,50,100000 100000,536870912,136.0,True,False
124,MPRQ,direct_pcap,,0,48-49,live-delta,"0000:b8:00.1,mprq_en=1,rxqs_min_mprq=1,mprq_max_memcpy_len=0,mprq_log_stride_num=6,mprq_log_stride_size=8",False,40,39.99972977510842,39.991410544266,13.268118821333632,0,0.9980897033618835,5.0000003688037395,4.999550624750555,0,0.0,0.0,0.0,13.268118821333632,26.7227564289095,10.63671875,149.48828125,True,20,74,0.004000683288002769,352116896,352116899,116817230,116817230,13.268118821333632,235299666,66.82430427876997,0,0,4.999081946909428,199961927,5.000364160165191,199971616,66340599,5.0000003688037395,499,50,100000 100000,536870912,136.0,True,False
125,MPRQ,direct_pcap,,0,48-49,live-delta,"0000:b8:00.1,mprq_en=1,rxqs_min_mprq=1,mprq_max_memcpy_len=0,mprq_log_stride_num=6,mprq_log_stride_size=8",False,120,119.84840721461961,119.83975072459442,15.146227584033339,0,0.9998430207965945,4.996002442203462,5.000785019248724,0,0.0,0.0,0.0,15.146227584033339,29.835918161452636,10.61328125,149.46484375,True,5,11,0.005998862334401248,1054599488,1054599498,133540487,133540487,15.146227584033339,921059001,87.33732677480685,0,0,5.0008374489843845,599342403,5.001064257696271,599326294,75670590,4.996002442203462,500,50,100000 100000,536870912,136.0,True,False
126,confirm-knee,af_packet,8,0,48-49,live-delta,0000:b8:00.1,False,2.4,2.4001479054899075,2.4000626665320857,2.399106503794883,10.605571179828193,0,5.353353000245988,4.997373465448618,0.0,0.0006764079486334829,0,0,0,0,4.625,13.39453125,True,0,0,5.013857025283319,21103872,21103874,21094109,21094109,2.399106503794883,9763,0.046261652837924716,9763,0,5.000545579940081,12002049,5.000349852256477,12001153,12843264,5.353353000245988,53,50,100000 100000,536870912,84.0,True,True
127,confirm-knee,dpdk_pdump,65536,0,48-49,live-delta,0000:b8:00.1,False,28,27.99686363148558,27.99221383701706,27.99126716337223,99.98750818496059,3.9995003273984238,5.000434999354184,5.00062466878444,0.0,0.0,0.0,0.0,27.99130944940004,0.0,9.6796875,461.75,True,0,0,0.03999424623772909,245940128,245940128,245940128,245940128,27.99126716337223,0,0.0,0,0,4.999841190874577,139979872,5.001214724034071,139995072,139968512,5.000434999354184,500,50,100000 100000,536870912,0.0,True,True
128,confirm-knee,dpdk_pdump,65536,0,48-49,live-delta,0000:b8:00.1,False,30,29.996540418029664,29.998411302951908,29.996671725198887,99.85357848570898,4.000146360579804,4.993577999994159,4.997317147441208,0.0,0.0,0.011070832464084726,0.0,29.991059917301936,0.0,9.609375,461.53515625,True,0,0,0.030037074628802254,264144192,264144198,264088829,264088829,29.996671725198887,55363,0.020959385697944855,0,0,5.000291630625725,149991450,5.000631749629974,150011008,149790720,4.993577999994159,499,50,100000 100000,536870912,0.0,True,True
129,confirm-knee,dpdk_pdump,65536,0,48-49,live-delta,0000:b8:00.1,False,32,31.991880821195256,31.991197169204884,27.59261627861606,100.00602926155835,4.000241170462334,4.999050999991596,4.999698555096984,0.0,0.0,4.397126135717328,0.0,31.98901974941394,0.0,9.7421875,461.37890625,True,0,0,0.0,281442592,281442593,242406911,242406911,27.59261627861606,39035681,13.869855561876008,0,0,5.000985715538263,159990939,5.000869212672114,159983793,137936896,4.999050999991596,500,50,100000 100000,536870912,0.0,True,False
130,factory-affinity-pipeline,af_packet,8,504,,whole-14s-burst,0000:b8:00.1,False,0.05,0.04999272091397117,0.050003513062910676,0.01175292857142857,11.208396046632128,0,14.0,4.99625457264483,0.03824935714285715,0.0,0,0,0,0,5.234375,14.77734375,True,0,0,0.0,700032,700035,164541,164541,0.01175292857142857,535491,76.49521736149205,0,535491,4.997847595252097,249856,4.999328740872443,249984,164541,22.463759999722242,56,50,100000 100000,536870912,0.0,True,False
131,factory-affinity-pipeline,af_packet,8,504,,whole-14s-burst,0000:b8:00.1,False,0.25,0.2500257802721834,0.24999715125343563,0.013729285714285713,12.397564408196557,0,14.0,5.000982286408544,0.236273,0.0,0,0,0,0,5.640625,14.90234375,True,0,0,0.05998181841296672,3500032,3500033,192210,192210,0.013729285714285713,3307822,94.50833592378584,0,3307822,4.99916448071599,1249920,5.001272989436984,1250304,192210,26.036615000106394,62,50,100000 100000,536870912,0.0,True,False
132,factory-affinity-pipeline,af_packet,8,504,,whole-14s-burst,0000:b8:00.1,False,0.5,0.5000766242623256,0.5000080648295941,0.017102214285714287,12.800080876861418,0,14.0,4.999968407675624,0.4828795,0.0,0,0,0,0,5.98046875,15.25,True,0,0,0.2580562915242612,6999744,6999746,239431,239431,0.017102214285714287,6760313,96.57943204780061,0,6760313,4.9984020022675395,2499584,5.000623341649771,2500352,239431,21.85405999980867,64,50,100000 100000,536870912,0.0,True,False
133,factory-affinity-pipeline,af_packet,8,504,,whole-14s-burst,0000:b8:00.1,False,1,1.00018530179406,1.0000488536515706,0.015912071428571428,12.40538686609471,0,14.0,4.997828819788992,0.9840879285714286,0.0,0,0,0,0,5.85546875,15.31640625,True,0,0,0.7908350195762844,14000000,14000002,222769,222769,0.015912071428571428,13777231,98.40879285714286,0,13777231,5.000801342539489,5001728,5.001483659259975,5001728,222769,23.709063000045717,62,50,100000 100000,536870912,0.0,True,False
134,confirm-single-cpu-knee,af_packet,8,504,48,whole-14s-burst,0000:b8:00.1,False,1.4,1.400224725416083,1.4000937912448912,1.400009142857143,71.82463531172428,0,14.0,4.9982850374653935,0.0,0.0,0,0,0,0,13.6796875,23.484375,True,0,0,6.115110067004006,19600128,19600131,19600128,19600128,1.400009142857143,0,0.0,0,0,5.0010715229436755,7002624,4.999527920037508,6999808,19600128,23.767606999725103,359,50,100000 100000,536870912,0.0,True,True
135,factory-affinity-knee,af_packet,8,504,,whole-14s-burst,0000:b8:00.1,False,0.01,0.01000947847865399,0.009981789918794948,0.009490285714285713,9.998949405296354,0,14.0,5.000525352545083,0.000512,0.0,0,0,0,0,5.3671875,14.32421875,True,0,0,0.0,140032,140035,132864,132864,0.009490285714285713,7168,5.118829981718465,0,7168,5.000160608440638,50049,5.001207238994539,49921,132864,22.240532000549138,50,50,100000 100000,536870912,0.0,True,False
136,factory-affinity-knee,af_packet,8,504,,whole-14s-burst,0000:b8:00.1,False,0.015,0.014998272885094038,0.015005128491447613,0.013008642857142858,13.000674001238643,0,14.0,4.9997407821938396,0.001994785714285714,0.0,0,0,0,0,5.37109375,14.9609375,True,0,0,0.005999273816107899,210048,210051,182121,182121,0.013008642857142858,27927,13.295532449725776,0,27927,5.0012425146996975,75010,4.998957525938749,75010,182121,22.33166899997741,65,50,100000 100000,536870912,0.0,True,False
137,factory-affinity-knee,af_packet,8,504,,whole-14s-burst,0000:b8:00.1,False,0.02,0.019985710147309137,0.01999031363669087,0.015112,13.206095170665172,0,14.0,4.997692288830876,0.004892571428571428,0.0,0,0,0,0,5.5546875,15.00390625,True,0,0,0.004003782377309314,280064,280068,211568,211568,0.015112,68496,24.457266910420476,0,68496,5.002023909240961,99969,5.000872013159096,99969,211568,25.308546000160277,66,50,100000 100000,536870912,0.0,True,False
138,factory-affinity-low-knee,af_packet,8,504,,whole-14s-burst,0000:b8:00.1,False,0.002,0.001996892418240686,0.001996614857080954,0.0020022857142857143,4.400773719905298,0,14.0,4.999120927415788,0.0,0.0,0,0,0,0,4.80859375,13.5859375,True,0,0,0.0,28032,28036,28032,28032,0.0020022857142857143,0,0.0,0,0,5.000269372947514,9985,5.000964489765465,9985,28032,25.197224999777973,22,50,100000 100000,536870912,0.0,True,True
139,factory-affinity-low-knee,af_packet,8,504,,whole-14s-burst,0000:b8:00.1,False,0.005,0.004991841112497295,0.004991021091436038,0.005001142857142857,5.798376925952532,0,14.0,5.001399593427777,0.0,0.0,0,0,0,0,5.11328125,13.98046875,True,0,0,0.0,70016,70017,70016,70016,0.005001142857142857,0,0.0,0,0,5.000159147195518,24960,5.000980669632554,24960,70016,24.316527999937534,29,50,100000 100000,536870912,0.0,True,True
140,factory-affinity-low-knee,af_packet,8,504,,whole-14s-burst,0000:b8:00.1,False,0.0075,0.007499418821082303,0.007500876627932402,0.0075062857142857145,8.001252052906604,0,14.0,4.9992175893858075,0.0,0.0,0,0,0,0,5.24609375,14.296875,True,0,0,0.00800160661411885,105088,105089,105088,105088,0.0075062857142857145,0,0.0,0,0,5.0009208573028445,37504,4.999948920682073,37504,105088,23.863428000360727,40,50,100000 100000,536870912,0.0,True,True
