evidence_line,label,backend,ring,pipeline_mb,affinity,capture_window_mode,device,testpmd,target_mpps,offered_mpps,wire_mpps,captured_mpps,worker_cpu_pct,primary_cpu_cores,capture_seconds,cpu_seconds,socket_drop_mpps,vf_out_of_buffer_mpps,pdump_ringfull_mpps,pdump_nombuf_mpps,primary_rx_mpps,primary_imissed_mpps,memory_current_mib,mapped_rss_huge_mib,fits_physical_512,throttled_periods,throttled_usec,system_softirq_cores,burst_tx_packets,burst_wire_packets,burst_captured_packets,burst_forwarded_packets,forwarded_mpps,burst_missing_packets,burst_loss_pct,burst_vf_out_of_buffer,burst_socket_drop,live_stats_rpc_count,live_stats_rpc_max_ms,live_stats_rpc_success,offered_seconds,offered_delta_packets,wire_seconds,wire_delta_packets,capture_delta_packets,capture_counter_seconds,cpu_delta_ticks,cgroup_periods,cgroup_cpu_max,cgroup_memory_max,hugetlb_current_mib,sampling_valid,near_loss_free
1,pipeline-mwf-owned-spsc,af_packet,8,0,,whole-14s-burst,0000:b8:00.1,False,2.4,2.400357665586502,2.4003225370090546,2.3998178571428572,11.803103966816753,0,14.0,4.998685105703771,0.0,0.0001116250097647767,0,0,0,0,1.54296875,13.49609375,True,0,0,2.208780619356662,33599584,33599587,33597450,33597450,2.3998178571428572,2134,0.0063512691109508974,2134,0,3,650.279232300818,True,5.000255241990089,12002401,4.999955137260258,12001505,33597450,22.23029899969697,59,50,100000 100000,536870912,0.0,True,True
2,pipeline-mwf-owned-spsc,af_packet,8,504,,whole-14s-burst,0000:b8:00.1,False,1,1.0001033250637568,1.000036985820597,0.697095,100.30436920269806,0,14.0,4.994797375053167,0.302905,0.0,0,0,0,0,13.00390625,24.640625,True,50,3514040,1.772082408232215,14000000,14000002,9759330,9759330,0.697095,4240670,30.2905,0,4240670,3,1.5517938882112503,True,5.0003153420984745,5000832,5.0010310327634215,5001216,9759330,25.005819000303745,501,50,100000 100000,536870912,0.0,True,False
3,pipeline-mwf-owned-spsc,af_packet,8,504,,whole-14s-burst,0000:b8:00.1,False,2.4,2.40016726494609,2.4001697001214586,1.362813142857143,99.60062090038888,0,14.0,4.999968830496073,1.0363748571428573,0.0,0,0,0,0,15.49609375,27.7421875,True,50,3134573,3.6062428706776846,33599808,33599809,19079384,19079384,1.362813142857143,14520424,43.21579456644514,11176,14509248,3,1.5271827578544617,True,5.000824807211757,12002816,5.001086381264031,12003456,19079384,23.322096000425518,498,50,100000 100000,536870912,0.0,True,False
4,pipeline-mwf-owned-spsc,af_packet,8,504,,whole-14s-burst,0000:b8:00.1,False,5,5.0006426832296915,5.0003944382692005,1.5902815714285714,99.979306383981,0,14.0,5.0010348949581385,1.781219,1.6179128466313264,0,0,0,0,17.265625,28.5234375,True,50,3500518,9.600884173503644,69998592,69998595,22263942,22263942,1.5902815714285714,47734650,68.19372881100237,22797584,24937066,3,1.4071427285671234,True,5.001514322124422,25010786,5.001199467107654,25007970,22263942,21.693234999664128,500,50,100000 100000,536870912,0.0,True,False
5,pipeline-mwf-owned-spsc,dpdk_pdump,65536,0,48-49,whole-14s-burst,0000:b8:00.1,False,20,19.998912000911453,19.997068509541304,19.996969142857143,86.94940742488302,4.001671578496915,14.0,5.00290931109339,0.0,0.0,0.0,0.0,19.996813380005996,0.0,6.84375,461.51171875,True,0,0,0.0019984273694606414,279957568,279957572,279957568,279957568,19.996969142857143,0,0.0,0,0,3,1.6275504603981972,True,5.000648085027933,100007521,5.0014499351382256,100014337,279957568,23.50747499987483,435,50,100000 100000,536870912,0.0,True,True
6,pipeline-mwf-owned-spsc,dpdk_pdump,65536,0,48-49,whole-14s-burst,0000:b8:00.1,False,30,29.993219763338182,29.992444786942027,29.931211785714286,100.01625634460036,3.9986499286571227,14.0,4.9991873148828745,0.0,0.0,0.057384987997557625,0.0,29.989954395676627,6.120745347433732e-05,6.84375,461.39453125,True,11,58,0.0,419877088,419877091,419036965,419036965,29.931211785714286,840123,0.20008784094453852,0,0,3,1.2059574946761131,True,5.00109835434705,149999042,5.0010782070457935,149994562,419036965,24.913616999983788,500,50,100000 100000,536870912,0.0,True,False
7,pipeline-mwf-owned-spsc,dpdk_pdump,65536,16,48-49,whole-14s-burst,0000:b8:00.1,False,5,5.000507477360425,5.000022054586998,4.999641142857143,89.1464723724643,4.003596057444978,14.0,5.003002229146659,0.0,0.0,0.0,0.0,4.999856008433812,0.0,15.0625,469.7109375,True,0,0,0.007993806273567577,69994976,69994980,69994976,69994976,4.999641142857143,0,0.0,0,0,3,1.1685220524668694,True,4.998947429470718,24997274,5.001462738960981,25007424,69994976,21.88269100058824,446,50,100000 100000,536870912,0.0,True,True
8,pipeline-mwf-owned-spsc,dpdk_pdump,65536,16,48-49,whole-14s-burst,0000:b8:00.1,False,10,9.999681921730279,9.999742849276254,6.5916662142857145,99.99767944013915,4.001907131194369,14.0,5.000116030685604,0.0,0.0,3.4292205267489986,0.0,9.999790977651928,0.0,28.41015625,483.140625,True,0,0,0.05000605658409099,139990656,139990660,92283327,92283327,6.5916662142857145,47707329,34.078938097125565,0,0,3,1.1995583772659302,True,5.000802764669061,50006437,5.001245407387614,50011168,92283327,31.002375999465585,500,50,100000 100000,536870912,0.0,True,False
9,pipeline-mwf-owned-spsc,dpdk_pdump,65536,16,48-49,whole-14s-burst,0000:b8:00.1,False,20,19.996156111304476,19.997092711765156,6.662786428571428,100.00839624264376,3.998335681780897,14.0,4.999580223113298,0.0,0.0,13.329961983416192,0.0,19.995196554586453,0.0,27.63671875,482.16015625,True,0,0,0.05001114540454988,279947264,279947265,93279010,93279010,6.662786428571428,186668254,66.67979223401161,0,0,3,1.2410935014486313,True,5.000628192909062,99993342,5.001069927588105,100006859,93279010,24.893505999818444,500,50,100000 100000,536870912,0.0,True,False
10,pipeline-mwf-owned-spsc-knee,af_packet,8,504,,whole-14s-burst,0000:b8:00.1,False,0.5,0.5002032529725373,0.5000607146566385,0.5000045714285715,38.21444395618913,0,14.0,4.9981101443991065,0.0,0.0,0,0,0,0,9.84375,21.609375,True,0,0,0.9207344367151864,7000064,7000069,7000064,7000064,0.5000045714285715,0,0.0,0,0,3,1.2810630723834038,True,4.999955488368869,2500994,5.00086874794215,2500738,7000064,26.78355999942869,191,50,100000 100000,536870912,0.0,True,True
11,pipeline-mwf-owned-spsc-knee,af_packet,8,504,,whole-14s-burst,0000:b8:00.1,False,0.75,0.7501039752648432,0.7500485209662285,0.7500068571428572,77.94450887990001,0,14.0,5.003559655509889,0.0,0.0,0,0,0,0,10.109375,21.54296875,True,1,3999,1.3147670336174502,10500096,10500101,10500096,10500096,0.7500068571428572,0,0.0,0,0,3,1.1937739327549934,True,4.999501567333937,3750146,5.0017484137788415,3751554,10500096,24.872560000047088,390,50,100000 100000,536870912,0.0,True,True
12,pipeline-mwf-owned-spsc-knee,af_packet,8,504,,whole-14s-burst,0000:b8:00.1,False,0.9,0.8999684543322838,0.8999403090043323,0.878052,98.56900164662895,0,14.0,5.001572418957949,0.02192514285714286,0.0,0,0,0,0,14.6875,26.13671875,True,48,2786914,3.2904988285283117,12599680,12599682,12292728,12292728,0.878052,306952,2.4361888555899833,0,306952,3,1.3824254274368286,True,5.0005674958229065,4500353,5.001435045152903,4500993,12292728,25.085142999887466,493,50,100000 100000,536870912,0.0,True,False
13,pipeline-mwf-owned-spsc-knee,af_packet,8,504,48,whole-14s-burst,0000:b8:00.1,False,1.6,1.6002058259500382,1.6004010650272278,1.599977142857143,75.21808103022288,0,14.0,4.998798092827201,0.0,0.0,0,0,0,0,10.7421875,22.359375,True,0,0,7.005531613796986,22399680,22399684,22399680,22399680,1.599977142857143,0,0.0,0,0,3,1.519826240837574,True,5.00001679174602,8001056,5.001106394454837,8003776,22399680,24.951860999688506,376,50,100000 100000,536870912,0.0,True,True
14,pipeline-mwf-owned-spsc-knee,af_packet,8,504,48,whole-14s-burst,0000:b8:00.1,False,2.4,2.3985294915554025,2.4004086365736486,1.8420303571428571,68.01613766178944,0,14.0,4.998813688755035,0.5579362142857143,0.0,0,0,0,0,14.72265625,26.55859375,True,0,0,3.579284483394041,33599680,33599682,25788425,25788425,1.8420303571428571,7811255,23.24800414765855,148,7811107,3,2.0412812009453773,True,5.004918656311929,12004445,5.000655645504594,12003617,25788425,21.720050999894738,340,50,100000 100000,536870912,0.0,True,False
15,pipeline-mwf-owned-spsc-knee,af_packet,8,0,48,whole-14s-burst,0000:b8:00.1,False,2.4,2.4000813512097143,2.4001572874917794,2.393608857142857,32.17748459154763,0,14.0,5.00349862780422,0.006254,0.0,0,0,0,0,1.671875,13.421875,True,0,0,3.676141914466872,33598080,33598082,33510524,33510524,2.393608857142857,87556,0.2605982246604568,0,87556,3,753.1502479687333,True,4.999537200666964,11999296,5.000018983148038,12000832,33510524,23.829641999676824,161,50,100000 100000,536870912,0.0,True,False
16,pipeline-mwf-owned-spsc-knee,dpdk_pdump,65536,0,48-49,whole-14s-burst,0000:b8:00.1,False,28,27.98983950570636,27.991568386781893,27.934418714285712,99.97096059597588,3.998838423839035,14.0,5.001452391967177,0.0,0.0,0.011685469400209593,0.0,27.989612475671162,0.00011847573017509982,6.84765625,461.5234375,True,19,44,0.01799413004971094,391846976,391846978,391081862,391081862,27.934418714285712,765114,0.19525836534719104,0,0,3,1.4342907816171646,True,5.0006047720089555,139966125,5.001132700592279,139989548,391081862,26.958615999668837,500,50,100000 100000,536870912,0.0,True,False
17,pipeline-mwf-owned-spsc-knee,dpdk_pdump,65536,16,48-49,whole-14s-burst,0000:b8:00.1,False,6,6.000361664257206,6.000151579388569,5.996493642857143,99.97520283243706,4.001007617354132,14.0,5.001240165904164,0.0,0.0,0.0,0.0,5.999960035095543,0.0,15.58984375,470.3125,True,0,0,0.02399331648706399,83996992,83996996,83950911,83950911,5.996493642857143,46081,0.05486029785447555,0,0,3,1.145678572356701,True,5.000930557027459,30007392,5.001350983045995,30008864,83950911,23.363222000189126,500,50,100000 100000,536870912,0.0,True,True
18,pipeline-mwf-owned-spsc-knee,dpdk_pdump,65536,16,48-49,whole-14s-burst,0000:b8:00.1,False,7,7.001630093757518,6.999782273054445,6.383775928571429,99.83754686509232,3.997503379488065,14.0,4.998119601979852,0.0,0.0,0.6105983446088985,0.0,6.9992883122733165,0.0,28.86328125,483.38671875,True,0,0,0.03002614249812705,97988896,97988897,89372863,89372863,6.383775928571429,8616033,8.79286669379355,0,0,3,1.2778062373399734,True,5.001920914277434,35021600,5.001056123524904,35006304,89372863,23.55779800005257,499,50,100000 100000,536870912,0.0,True,False
19,pipeline-mwf-owned-spsc-confirmation,af_packet,8,504,,whole-14s-burst,0000:b8:00.1,False,0.75,0.7501180919217714,0.750187755141224,0.7499702857142857,50.606612264354666,0,14.0,4.999346699565649,0.0,0.0,0,0,0,0,10.140625,21.5078125,True,0,0,1.5540314505072608,10499584,10499587,10499584,10499584,0.7499702857142857,0,0.0,0,0,3,1.4302125200629234,True,5.000556632876396,3751008,4.99996430799365,3750912,10499584,21.717904000543058,253,50,100000 100000,536870912,0.0,True,True
20,pipeline-mwf-owned-spsc-confirmation,af_packet,8,504,,whole-14s-burst,0000:b8:00.1,False,0.8,0.8000001967921709,0.7999676398386383,0.7999748571428572,57.394825622636006,0,14.0,5.000450770370662,0.0,0.0,0,0,0,0,10.09375,21.54296875,True,1,3626,1.4959719715065007,11199648,11199651,11199648,11199648,0.7999748571428572,0,0.0,0,0,3,1.4674216508865356,True,5.000158770009875,4000128,5.001162298023701,4000768,11199648,31.767101999372244,287,50,100000 100000,536870912,0.0,True,True
21,pipeline-mwf-owned-spsc-confirmation,af_packet,8,504,,whole-14s-burst,0000:b8:00.1,False,0.85,0.8500795021011808,0.8502059702589857,0.8253378571428571,67.14949031859506,0,14.0,4.9888688419014215,0.024664428571428573,0.0,0,0,0,0,12.8359375,27.21484375,True,12,831679,1.4179070047562914,11900032,11900032,11554730,11554730,0.8253378571428571,345302,2.901689676128602,0,345302,3,1.6442900523543358,True,4.999362988397479,4249856,5.000275402329862,4251264,11554730,21.727659000083804,335,50,100000 100000,536870912,0.0,True,False
22,pipeline-mwf-owned-spsc-confirmation,af_packet,8,504,48,whole-14s-burst,0000:b8:00.1,False,1.8,1.8001553287428058,1.8001552707332802,1.7891875714285714,71.8010934311518,0,14.0,4.999923856928945,0.01081242857142857,0.0,0,0,0,0,12.234375,23.8671875,True,0,0,7.116220653232131,25200000,25200003,25048626,25048626,1.7891875714285714,151374,0.6006904761904762,0,151374,3,1.6235997900366783,True,4.99883974250406,8998688,5.001044157892466,9002656,25048626,24.83181199990213,359,50,100000 100000,536870912,0.0,True,False
23,pipeline-mwf-owned-spsc-confirmation,af_packet,8,504,48,whole-14s-burst,0000:b8:00.1,False,2,1.9996750367903964,2.000187136567714,1.8163770714285714,54.60325324464633,0,14.0,4.999702101573348,0.18361835714285712,0.0,0,0,0,0,12.30078125,24.03125,True,0,0,6.971481545415255,27999936,27999936,25429279,25429279,1.8163770714285714,2570657,9.180938842145926,0,2570657,3,1.342490315437317,True,5.003372956067324,10005120,5.00074808858335,10002432,25429279,21.830551999621093,273,50,100000 100000,536870912,0.0,True,False
24,pipeline-mwf-owned-spsc-confirmation,dpdk_pdump,65536,16,48-49,whole-14s-burst,0000:b8:00.1,False,6,6.002568323512102,6.0000032122364555,5.999805714285714,100.17155557692786,4.002863358583025,14.0,5.0014197854325175,0.0,0.0,0.0,0.0,6.00004320606829,0.0,16.0859375,470.984375,True,0,0,0.0019988315758971546,83997280,83997282,83997280,83997280,5.999805714285714,0,0.0,0,0,3,1.1266320943832397,True,4.998313785530627,30002720,5.001186655834317,30007136,83997280,21.763110999949276,501,50,100000 100000,536870912,0.0,True,True
25,pipeline-mwf-owned-spsc-repeat,af_packet,8,504,,whole-14s-burst,0000:b8:00.1,False,0.8,0.8001475499138709,0.7999493556258873,0.8,80.17650209879105,0,14.0,5.001465385779738,0.0,0.0,0,0,0,0,10.23046875,21.8671875,True,1,3,2.9647608599621327,11200000,11200005,11200000,11200000,0.8,0,0.0,0,0,3,1.445407047867775,True,5.00067768804729,4001280,5.001116598024964,4000640,11200000,25.306309000588953,401,50,100000 100000,536870912,0.0,True,True
26,pipeline-mwf-owned-spsc-repeat,dpdk_pdump,65536,0,48-49,whole-14s-burst,0000:b8:00.1,False,26,25.998623011971926,25.997216888768378,25.89270492857143,100.1111994535838,3.9964390821870652,14.0,4.994446203112602,0.0,0.0,0.0,0.0,25.99027548590995,0.0,6.8125,461.328125,True,23,152,0.04809394406412874,363860544,363860545,362497869,362497869,25.89270492857143,1362675,0.37450474432314373,0,0,3,1.4998763799667358,True,5.000557104125619,130007599,4.998851975426078,129956239,362497869,21.972573000006378,500,50,100000 100000,536870912,0.0,True,False
