raw_row,id,timeout_ms,affinity,target_mpps,offered_mpps,wire_mpps,active_cap_packets,active_seconds,captured_active_mpps,cap_packets,fwd_packets,tx_accepted,captured_burst_mpps,loss_pct,missing_packets,socket_drops,socket_active_mpps,vf_oob_active_mpps,vf_oob_burst,worker_cpu_pct,rss_max_mib,memory_current_max_mib,ring_used_max,allocator_used_max_mib,rpc_max_ms,thread_allowed,throttled_periods,periods,tpacket,ring_bytes
1,pipeline-default-0.01m,0,unrestricted,0.01,0.009993885812710837,0.010010363016912292,99968,10.000053921714425,0.009996746095831184,140032,140032,140032,0.010002285714285714,0.0,0,0,0.0,0.0,0,8.20771680312892,24.32421875,6.234375,0,0.0,0.3858786076307297,0-127,0,225,TPACKET_V2,16150528
2,pipeline-default-0.05m,0,unrestricted,0.05,0.05000044565280243,0.04999587795956906,500096,9.999999850057065,0.05000960074985863,700032,700032,700032,0.050002285714285714,0.0,0,0,0.0,0.0,0,9.400972849408316,28.046875,9.60546875,0,0.0,0.2542184665799141,0-127,0,225,TPACKET_V2,16150528
3,pipeline-default-0.1m,0,unrestricted,0.1,0.10000465492760355,0.10000483500438746,1000064,9.99993972107768,0.1000070028314355,1400064,1400064,1400064,0.10000457142857143,0.0,0,0,0.0,0.0,0,11.80085320571063,28.11328125,9.34765625,0,4.57763671875e-05,0.2961615100502968,0-127,0,226,TPACKET_V2,16150528
4,pipeline-default-0.5m,0,unrestricted,0.5,0.5000732150261482,0.5000022910955243,5000085,9.999994901940227,0.500008754907452,7000064,7000064,7000064,0.5000045714285715,0.0,0,0,0.0,0.0,0,33.30859473449101,28.0625,9.4765625,19,0.0020294189453125,0.5503082647919655,0-127,0,225,TPACKET_V2,16150528
5,pipeline-default-1m,0,unrestricted,1,0.9999995390646719,0.999783309263459,9967454,10.000002118758857,0.9967451888137303,13961416,13961416,14000000,0.997244,0.2756,38584,38584,0.0032702993071024376,0.0,0,80.51203881833423,28.02734375,10.29296875,43,0.0045928955078125,0.6991513073444366,0-127,12,226,TPACKET_V2,16150528
6,pipeline-default-2.4m,0,unrestricted,2.4,2.399967710269263,2.399958944821904,9098624,10.00000175833702,0.9098622400155539,12868850,12868850,33599264,0.9192035714285715,61.69901221645807,20730414,3274103,0.2384445580734106,1.251394913812764,17456311,99.90913763709125,28.921875,11.3203125,21,0.002349853515625,15.687569044530392,0-127,139,225,TPACKET_V2,16150528
7,pipeline-default-2.5m,0,unrestricted,2.5,2.4999411149137196,2.4999477471835188,9246481,9.996000885032117,0.9250180253430711,12978513,12978513,34999104,0.9270366428571428,62.91758497588967,22020591,3361272,0.24586112268957683,1.329486389886013,18659319,100.0442339445299,28.828125,10.4296875,49,0.0052337646484375,0.290529802441597,0-127,139,225,TPACKET_V2,16150528
8,pipeline-default-5m,0,unrestricted,5,4.999711992781031,4.999667201673895,9169584,10.003991964273155,0.916592499548876,12828101,12828101,69995168,0.9162929285714285,81.67287633340634,57167067,5612509,0.40285268264835233,3.67978665645222,51554558,99.89773501385105,29.015625,10.6484375,41,0.0043792724609375,0.42547285556793213,0-127,139,225,TPACKET_V2,16150528
9,pipeline-default-20m,0,unrestricted,20,19.99700934916949,19.99566279819546,9500317,9.999995861202478,0.9500320931990472,13306097,13306097,279946144,0.9504355,95.2469082767577,266640047,6623291,0.4751497966548801,18.569770758053725,260016756,100.11717821526143,28.796875,10.40234375,27,0.0028839111328125,0.36230217665433884,0-127,139,225,TPACKET_V2,16150528
10,pipeline-v3-0.01m,1000,unrestricted,0.01,0.009996310508600486,0.009996925329032798,99992,9.995934448204935,0.010003266879962036,140032,140032,140032,0.010002285714285714,0.0,0,0,0.0,0.0,0,6.899332190320076,16.98828125,6.1875,0,0.0,0.34667830914258957,0-127,0,225,TPACKET_V3,8388608
11,pipeline-v3-0.05m,1000,unrestricted,0.05,0.04998941162276582,0.04999474877724623,499960,10.004062047228217,0.04997569963478203,700032,700032,700032,0.050002285714285714,0.0,0,0,0.0,0.0,0,8.798811061179546,20.671875,9.6875,0,0.0,0.3037378191947937,0-127,0,226,TPACKET_V3,8388608
12,pipeline-v3-0.1m,1000,unrestricted,0.1,0.10000556340226986,0.099994040787332,1001644,10.000002522021532,0.10016437473832902,1400064,1400064,1400064,0.10000457142857143,0.0,0,0,0.0,0.0,0,10.801623141963951,20.75,10.015625,0,0.0,0.28695352375507355,0-127,0,225,TPACKET_V3,8388608
13,pipeline-v3-0.5m,1000,unrestricted,0.5,0.5000592651440532,0.4999995129215079,4998508,9.996003002859652,0.5000506701098458,7000064,7000064,7000064,0.5000045714285715,0.0,0,0,0.0,0.0,0,50.78755633196219,20.734375,9.6796875,49,0.0052337646484375,0.4390273243188858,0-127,0,225,TPACKET_V3,8388608
14,pipeline-v3-1m,1000,unrestricted,1,1.0000189446168615,0.9999876324780471,10004263,10.004066932946444,1.0000195987346816,14000000,14000000,14000000,1.0,0.0,0,0,0.0,0.0,0,86.35841902350224,20.71484375,10.08203125,95,0.01025390625,0.3891820088028908,0-127,0,225,TPACKET_V3,8388608
15,pipeline-v3-2.4m,1000,unrestricted,2.4,2.4005116992215068,2.3999064592110435,20455887,10.000085248611867,2.0455712617889454,28744184,28744184,33600000,2.053156,14.451833333333333,4855816,3950242,0.21919513139193209,0.06403057931805682,905574,99.75027366085048,38.4140625,28.5546875,13513,1.4432220458984375,19.550511613488197,0-127,139,225,TPACKET_V3,8388608
16,pipeline-v3-2.5m,1000,unrestricted,2.5,2.4998905388212274,2.499997500979902,11906506,9.967923389747739,1.1944820936571545,17031396,17031396,34999840,1.2165282857142856,51.338646119525116,17968444,17666922,1.204891784416488,0.02112159427044327,301522,99.74121342637099,24.58984375,14.390625,25927,2.7694091796875,36.05303540825844,0-127,140,226,TPACKET_V3,8388608
17,pipeline-v3-5m,1000,unrestricted,5,4.99966811482323,4.999841679374621,11916284,10.032103857025504,1.1878150555284572,16836289,16836289,69995008,1.2025920714285714,75.94644320920715,53158719,38840758,2.7433425124209254,1.0199967694475043,14317961,100.02786803678678,26.30078125,15.484375,9944,1.0621337890625,0.4755249246954918,0-127,140,225,TPACKET_V3,8388608
18,pipeline-v3-20m,1000,unrestricted,20,19.994545828042536,19.994849848987563,14667435,10.000005920417607,1.46674263162711,22463720,22463720,279926592,1.6045514285714286,91.97513896786198,257462872,22792033,1.6835315032790445,16.621130098751287,234670839,99.74758554483684,24.609375,13.94140625,29,0.003204345703125,0.32974500209093094,0-127,130,226,TPACKET_V3,8388608
20,pipeline-default-0.75m-fine-retry,0,unrestricted,0.75,0.750007430651357,0.7499718547370271,7488805,10.003999608568847,0.748581096863051,10485073,10485073,10500096,0.7489337857142857,0.1430748823629803,15023,14383,0.001437724966290518,0.0,640,55.589981581363986,28.203125,10.17578125,76,0.008056640625,0.7048286497592926,0-127,3,225,TPACKET_V2,16150528
21,pipeline-default-0.9m-fine,0,unrestricted,0.9,0.900050365042556,0.8999046829566494,8999806,10.00000280700624,0.8999803473749549,12599648,12599648,12599648,0.8999748571428572,0.0,0,0,0.0,0.0,0,67.39056379314206,28.0390625,9.62109375,23,0.0023956298828125,0.4376312717795372,0-127,0,225,TPACKET_V2,16150528
22,pipeline-default-0.95m-fine,0,unrestricted,0.95,0.9499952677655743,0.9500301523945544,9496310,9.996005049906671,0.9500105244633368,13300000,13300000,13300000,0.95,0.0,0,0,0.0,0.0,0,65.80000789912512,28.109375,9.50390625,67,0.0071563720703125,0.26555173099040985,0-127,0,225,TPACKET_V2,16150528
23,pipeline-default-1m-fine,0,unrestricted,1,0.9997466661891075,1.000093615181438,10004157,10.00400326680392,1.0000153671677208,14000000,14000000,14000000,1.0,0.0,0,0,0.0,0.0,0,64.50927984246229,28.0703125,9.5,111,0.0118560791015625,0.2846354618668556,0-127,0,225,TPACKET_V2,16150528
24,pipeline-default-1.1m-fine,0,unrestricted,1.1,1.1000468011335593,1.0999293168308104,10955233,9.999940821900964,1.0955297831370003,15111277,15111277,15400064,1.0793769285714285,1.8752324665663727,288787,114238,0.0,0.004455735889636994,174549,77.1861691323742,28.3359375,10.3984375,30,0.003204345703125,12.404895387589931,0-127,13,224,TPACKET_V2,16150528
25,pipeline-v3-1.5m-fine,1000,unrestricted,1.5,1.499943124040805,1.4999530476986216,14993579,9.996003317646682,1.4999573853212642,20999264,20999264,20999264,1.4999474285714285,0.0,0,0,0.0,0.0,0,61.620760520847526,20.68359375,10.07421875,49,0.0052337646484375,0.3596339374780655,0-127,0,225,TPACKET_V3,8388608
26,pipeline-v3-1.8m-fine,1000,unrestricted,1.8,1.8000195657454774,1.8000379445239083,12086694,10.00399921555072,1.2081862202879659,17010332,17010332,25200128,1.2150237142857143,32.49902540177574,8189796,8189796,0.5698021238485471,0.0,0,100.02003877934169,26.0078125,15.1875,127,0.0135650634765625,0.2885628491640091,0-127,140,225,TPACKET_V3,8388608
27,pipeline-v3-2m-fine,1000,unrestricted,2,1.9999881872343588,2.000014631643086,19998996,9.999946136027575,1.9999103723117149,27996355,27996355,27999168,1.9997396428571428,0.010046727102748195,2813,0,0.0,2.9399932845798045e-05,2813,78.79609203632137,20.75,9.984375,229,0.0244598388671875,0.2689482644200325,0-127,0,226,TPACKET_V3,8388608
28,pipeline-v3-2.1m-fine,1000,unrestricted,2.1,2.0994033817819457,2.0999445406314243,20991430,9.995998956263065,2.099983212467991,29399648,29399648,29399648,2.099974857142857,0.0,0,0,0.0,0.0,0,85.67170810224373,20.75390625,9.80078125,193,0.020721435546875,0.30333269387483597,0-127,0,226,TPACKET_V3,8388608
29,pipeline-default-0.95m-confirm1,0,unrestricted,0.95,0.9502025481495486,0.950026091268512,9500175,9.999995770864189,0.9500179017754731,13300096,13300096,13300096,0.9500068571428572,0.0,0,0,0.0,0.0,0,66.29965242972268,28.0703125,9.1328125,63,0.0067291259765625,0.2771727740764618,0-127,0,225,TPACKET_V2,16150528
30,pipeline-default-1m-confirm1,0,unrestricted,1,1.0000308175102184,1.0000201325346962,10000227,9.999996826052666,1.000023017402039,13999930,13999930,14000000,0.999995,0.0005,70,0,0.0,0.0,70,65.30363817168872,28.0859375,9.12890625,99,0.0105743408203125,0.2717878669500351,0-127,0,226,TPACKET_V2,16150528
31,pipeline-v3-2.1m-confirm1,1000,unrestricted,2.1,2.1000462532971405,2.1000058024082486,21000428,9.999994724057615,2.100043907971066,29400064,29400064,29400064,2.1000045714285713,0.0,0,0,0.0,0.0,0,82.79758272399802,20.671875,9.24609375,154,0.016448974609375,0.28139445930719376,0-127,0,225,TPACKET_V3,8388608
32,pipeline-v3-2.1m-confirm2,1000,unrestricted,2.1,2.1006406383792195,2.10016953394161,21000044,10.000007219612598,2.1000028838792724,29399456,29399456,29399456,2.099961142857143,0.0,0,0,0.0,0.0,0,81.31430555768834,20.69140625,9.296875,252,0.02691650390625,0.2628285437822342,0-127,0,225,TPACKET_V3,8388608
