raw_row,id,backend,timeout_ms,buffer_mb,ring,target_mpps,offered_mpps,wire_mpps,captured_mpps,capture_seconds,offered_seconds,wire_seconds,cpu_seconds,worker_cpu_pct,socket_drop_mpps,vf_oob_mpps,tx_accepted,captured_burst,forwarded_burst,burst_captured_mpps,burst_loss_pct,quiet_capture_counter_seconds,error
1,v3-1m,libpcap,1000,8,,1,0.9999860758973804,1.000189082332214,1.0000924846650516,9.99999915342778,10.000398246571422,9.999648243188858,9.996906340122223,10.003094617247099,0.0,0.0,14000000,14000000,14000000,1.0,0.0,25.004000960849226,
2,v3-2m,libpcap,1000,8,,2,2.0004930375643024,2.000281209850777,2.0002953381996758,9.995999899692833,9.997791856527328,10.000210421159863,10.001635104417801,12.697923756876822,0.0,0.0,27999776,27999776,27999776,1.999984,0.0,20.0000020256266,
3,v3-2.5m,libpcap,1000,8,,2.5,2.4994928405411807,2.500335817936501,2.499715541598048,10.00399708840996,10.00208025984466,10.000039122998714,9.999846000224352,16.300251023500063,0.0,0.0006157975908151647,34999904,34952671,34952671,2.496619357142857,0.13495179872493365,20.00000310037285,
4,v3-5m,libpcap,1000,8,,5,4.999775539724361,5.0006193464094375,2.455957977129332,9.996001653373241,9.999764109961689,9.79967392142862,9.79849717207253,17.96193813288343,0.0,2.544405171020732,69996288,34400014,34400014,2.457143857142857,50.85451674237354,19.99599819071591,
5,v3-20m,libpcap,1000,8,,20,19.995877545768867,19.998039260520496,2.5080752294314212,9.999999882653356,10.000174513086677,10.00011643115431,10.00119984894991,18.397792542793688,0.0,17.49133854632626,279946688,35097875,35097875,2.5069910714285712,87.4626575328514,19.99999677669257,
6,v3-120m,libpcap,1000,8,,120,119.78132956588493,119.79768149549501,2.455373235771011,10.003999246284366,9.999531966634095,9.999886509031057,10.001114699989557,18.197971472139006,0.0,72.80773050198812,1677081888,34428313,34428313,2.459165214285714,97.94712987801344,20.004002627916634,
7,default-1m,libpcap,0,256,,1,0.9999692411097411,1.0000954483753677,1.0098526601323348,9.999881565570831,10.000499604269862,9.999973518773913,9.997619430534542,76.61823950414608,0.0033319394616348162,0.0,13999808,13966489,13966489,0.9976063571428572,0.23799612108966064,20.000000424683094,
8,default-2m,libpcap,0,256,,2,1.9999190541990064,2.000407663672625,1.1901080579687378,9.99599735531956,9.999524709768593,9.999337816610932,9.999802434816957,99.30196186102717,0.0,0.8100982433600267,27999936,16650031,16650031,1.1892879285714286,40.535467652497495,19.995999679900706,
9,default-5m,libpcap,0,256,,5,4.999951524025535,5.000483479221905,1.1595944215571512,9.995995827950537,9.999930551275611,10.000012240372598,10.002412169240415,99.27605293587982,0.0,3.8408789986209952,69998528,16242188,16242188,1.1601562857142858,76.79638634686718,19.995998265221715,
10,pdump-65536-1m,pdump,,,65536,1,,,,,,,,,,,,,,,,,"2026-10-02T08:38:20 INFO  /tmp/legacy-probe/src/cpworker/src/main.c:134: set cpu affinity to '48-49'
2026-10-02T08:38:20 INFO  /tmp/legacy-probe/src/cpworker/src/task.c:376: find 1 tasks
2026-10-02T08:38:20 INFO  /tmp/legacy-probe/src/cpworker/src/dpdk/pdump.c:394: dpdk_pdump options, interface 0000:b8:00.1, snaplen 2048, ring_size: 65536, num_mbufs: 131072, bpf_filter: ``
2026-10-02T08:38:20 ERROR /tmp/legacy-probe/src/cpworker/src/task.c:387: new task-0 error: interface 0000:b8:00.1 not found
2026-10-02T08:38:20 INFO  /tmp/legacy-probe/src/cpworker/src/main.c:150: init 0 tasks, total 1 tasks
2026-10-02T08:38:20 INFO  /tmp/legacy-probe/src/cpworker/src/main.c:162: listen on unix socket /tmp/legacy-probe/worker.sock
2026-10-02T08:38:20 INFO  /tmp/legacy-probe/src/cpworker/src/task.c:1543: reload thread started
2026-10-02T08:38:20 INFO  /tmp/legacy-probe/src/cpworker/src/main.c:192: start poll packets"
11,v3-2.4m-repeat1,libpcap,1000,8,,2.4,2.400149092013353,2.4001259912830113,2.399773142434892,10.004057290032506,10.001325784251094,10.000128779560328,9.99826437048614,15.102621255518772,0.0,0.00036829525710987184,33599296,33579934,33579934,2.3985667142857143,0.057626207406250414,20.000000678002834,
12,v3-2.4m-repeat2,libpcap,1000,8,,2.4,2.4000472095052916,2.400114571007499,2.4000936552791012,9.995936594903469,9.800060559995472,10.000154280103743,9.998039328493178,15.403020026248448,0.0,0.0,33599424,32981795,32981795,2.3558425,1.8382130598429307,20.000000346451998,
13,v3-256mb-120m,libpcap,1000,256,,120,119.79556799687029,119.81376066062008,2.4966617228837182,9.995997363701463,9.999893235042691,9.99847655557096,9.996630929410458,18.006066370864342,0.0,72.11174722395768,1677037632,34950239,34950239,2.4964456428571427,97.91595380252028,19.996001543477178,
14,default-2.5m,libpcap,0,256,,2.5,2.4999871411099637,2.500205503562917,1.1954753539254381,10.000001221895218,9.99997463542968,10.000022783875465,10.000180817209184,99.3982027094388,0.0,1.3048655270106333,34999616,16740887,16740887,1.195777642857143,52.16836950439685,19.99600223544985,
15,default-20m,libpcap,0,256,,20,19.99631916322626,19.99956603112189,1.1663697971037468,10.00000345427543,9.9993811044842,10.000063385814428,9.998633481562138,99.31357138264244,0.0,18.83251282858366,279942816,16345698,16345698,1.167549857142857,94.16105823555051,20.00000075250864,
16,v3-2.4m-repeat3,libpcap,1000,8,,2.4,2.4000174776492207,2.400141298109652,2.4000788295632587,9.995998341590166,10.00000759307295,10.000184996984899,10.001565563492477,15.697542450061858,0.0,0.00012409770422988848,33599712,33587388,33587388,2.3990991428571427,0.036678885819021304,19.996000885032117,
17,v3-2.4m-repeat4,libpcap,1000,8,,2.4,2.399976349628726,2.3999235002932857,2.400152997825525,9.999999175779521,10.000231878831983,10.000505431555212,10.000304445624352,15.599525079284765,0.0,0.0,33596384,33594985,33594985,2.3996417857142855,0.004164138616822573,20.00000281073153,
18,v3-256mb-2.4m,libpcap,1000,256,,2.4,2.400023101340748,2.3998485204991944,2.3997101126687292,10.004000013694167,10.00009124353528,10.001099150627851,10.001975044608116,16.89666283371751,0.0,0.0005309416415161375,33599936,33587348,33587348,2.3990962857142857,0.03746435707496586,20.00399852450937,
